country,treatment_var,base_value,new_value,delta,pct_change,score_base,score_counter,effect,ci_lower_base,ci_upper_base,ci_lower_counter,ci_upper_counter,abs_effect
MCO,tourist_arrivals,14.2893,15.7182,10.0,True,66.4067,66.3495,-0.0572,59.1156,69.4497,59.3187,69.4337,0.0572
MCO,unesco_total_sites,4.0,4.4,10.0,True,66.4067,66.4067,0.0,59.1156,69.4497,59.1156,69.4497,0.0
MCO,unesco_cultural_sites,3.0,3.3,10.0,True,66.4067,66.4067,0.0,59.1156,69.4497,59.1156,69.4497,0.0
MCO,internet_pct_sp,33.6,36.96,10.0,True,66.4067,66.4067,0.0,59.1156,69.4497,59.117,69.4672,0.0
MCO,rnd_pct_gdp_sp,0.5459,0.6005,10.0,True,66.4067,66.4067,0.0,59.1156,69.4497,59.1187,69.4497,0.0
MCO,sci_journal_articles,4.0616,4.4678,10.0,True,66.4067,66.4054,-0.0013,59.1156,69.4497,59.1156,69.5103,0.0013
MCO,ai_publications,3.319,3.6509,10.0,True,66.4067,66.4071,0.0004,59.1156,69.4497,59.1156,69.4497,0.0004
MCO,hightech_exports_pct,6.269,6.8959,10.0,True,66.4067,66.4067,0.0,59.1156,69.4497,59.1156,69.4497,0.0
MCO,fh_combined_score,66.6667,73.3333,10.0,True,66.4067,66.4931,0.0864,59.1156,69.4497,59.2444,69.4497,0.0864
MCO,trade_pct_gdp,76.9252,84.6178,10.0,True,66.4067,66.3959,-0.0108,59.1156,69.4497,58.5393,69.2391,0.0108
MCO,investment_freedom,55.0,60.5,10.0,True,66.4067,66.4066,-0.0001,59.1156,69.4497,59.1159,69.446,0.0001
MCO,govt_integrity,35.0,38.5,10.0,True,66.4067,66.3866,-0.0201,59.1156,69.4497,59.3483,69.3953,0.0201
MCO,judicial_effectiveness,43.35,47.685,10.0,True,66.4067,66.3957,-0.011,59.1156,69.4497,59.1156,69.4497,0.011
MCO,property_rights,46.9,51.59,10.0,True,66.4067,66.9312,0.5245,59.1156,69.4497,59.1858,69.4497,0.5245
MCO,business_freedom,63.9,70.29,10.0,True,66.4067,66.4327,0.026,59.1156,69.4497,59.2469,69.4963,0.026
MCO,life_expectancy,74.1,81.51,10.0,True,66.4067,67.0179,0.6112,59.1156,69.4497,61.7697,70.5369,0.6112
MCO,tertiary_enroll_pct,31.7,34.87,10.0,True,66.4067,66.4067,0.0,59.1156,69.4497,59.1156,69.4497,0.0
MCO,physicians_per_1k,6.56,7.216,10.0,True,66.4067,66.4067,0.0,59.1156,69.4497,59.1156,69.4497,0.0
MCO,infant_mortality,2.6,2.86,10.0,True,66.4067,66.4067,0.0,59.1156,69.4497,59.1156,69.4618,0.0
DEU,tourist_arrivals,14.2893,15.7182,10.0,True,84.2449,84.2754,0.0305,77.3124,85.4882,77.4054,85.6298,0.0305
DEU,unesco_total_sites,44.0,48.4,10.0,True,84.2449,84.2449,0.0,77.3124,85.4882,77.3124,85.4882,0.0
DEU,unesco_cultural_sites,43.0,47.3,10.0,True,84.2449,84.2449,0.0,77.3124,85.4882,77.3124,85.4882,0.0
DEU,internet_pct_sp,33.6,36.96,10.0,True,84.2449,84.2449,0.0,77.3124,85.4882,77.3124,85.4897,0.0
DEU,rnd_pct_gdp_sp,0.5459,0.6005,10.0,True,84.2449,84.2449,0.0,77.3124,85.4882,77.3124,85.4882,0.0
DEU,sci_journal_articles,11.6438,12.8081,10.0,True,84.2449,84.2449,0.0,77.3124,85.4882,77.3124,85.4882,0.0
DEU,ai_publications,7.9322,8.7255,10.0,True,84.2449,84.2449,0.0,77.3124,85.4882,77.3124,85.4878,0.0
DEU,hightech_exports_pct,17.484,19.2324,10.0,True,84.2449,84.2449,0.0,77.3124,85.4882,77.3124,85.3324,0.0
DEU,fh_combined_score,66.6667,73.3333,10.0,True,84.2449,84.2449,0.0,77.3124,85.4882,77.4165,85.4882,0.0
DEU,trade_pct_gdp,76.9252,84.6178,10.0,True,84.2449,84.2454,0.0005,77.3124,85.4882,77.2508,85.5428,0.0005
DEU,investment_freedom,80.0,88.0,10.0,True,84.2449,84.2455,0.0005,77.3124,85.4882,77.3124,85.4878,0.0005
DEU,govt_integrity,86.0,94.6,10.0,True,84.2449,84.0053,-0.2396,77.3124,85.4882,77.1826,85.5067,0.2396
DEU,judicial_effectiveness,93.0,102.3,10.0,True,84.2449,84.2449,0.0,77.3124,85.4882,77.3124,85.5032,0.0
DEU,property_rights,95.3,104.83,10.0,True,84.2449,84.1132,-0.1317,77.3124,85.4882,77.0405,85.2389,0.1317
DEU,business_freedom,84.2,92.62,10.0,True,84.2449,84.3347,0.0897,77.3124,85.4882,77.2754,85.484,0.0897
DEU,life_expectancy,80.9,88.99,10.0,True,84.2449,84.041,-0.2039,77.3124,85.4882,77.2958,85.4073,0.2039
DEU,tertiary_enroll_pct,70.2,77.22,10.0,True,84.2449,84.3635,0.1185,77.3124,85.4882,77.3124,85.4881,0.1185
DEU,physicians_per_1k,4.25,4.675,10.0,True,84.2449,84.2449,0.0,77.3124,85.4882,77.3116,85.4882,0.0
DEU,infant_mortality,3.1,3.41,10.0,True,84.2449,84.2449,0.0,77.3124,85.4882,77.3124,85.4878,0.0
FRA,tourist_arrivals,14.2893,15.7182,10.0,True,83.0374,83.0228,-0.0146,77.0198,83.3497,77.1152,83.462,0.0146
FRA,unesco_total_sites,47.0,51.7,10.0,True,83.0374,83.0374,0.0,77.0198,83.3497,77.0198,83.3373,0.0
FRA,unesco_cultural_sites,40.0,44.0,10.0,True,83.0374,83.4761,0.4387,77.0198,83.3497,77.0198,84.1026,0.4387
FRA,internet_pct_sp,33.6,36.96,10.0,True,83.0374,83.0374,0.0,77.0198,83.3497,77.0227,83.3488,0.0
FRA,rnd_pct_gdp_sp,0.5459,0.6005,10.0,True,83.0374,83.0374,0.0,77.0198,83.3497,77.0198,83.3497,0.0
FRA,sci_journal_articles,11.0957,12.2053,10.0,True,83.0374,83.0381,0.0007,77.0198,83.3497,77.0889,83.3553,0.0007
FRA,ai_publications,7.8061,8.5867,10.0,True,83.0374,83.0526,0.0152,77.0198,83.3497,77.0639,83.4385,0.0152
FRA,hightech_exports_pct,23.6797,26.0477,10.0,True,83.0374,83.0374,0.0,77.0198,83.3497,77.0198,83.3616,0.0
FRA,fh_combined_score,66.6667,73.3333,10.0,True,83.0374,83.0374,0.0,77.0198,83.3497,77.1239,83.3497,0.0
FRA,trade_pct_gdp,76.9252,84.6178,10.0,True,83.0374,83.0524,0.015,77.0198,83.3497,76.9657,83.3872,0.015
FRA,investment_freedom,75.0,82.5,10.0,True,83.0374,83.037,-0.0004,77.0198,83.3497,76.8916,83.3497,0.0004
FRA,govt_integrity,73.7,81.07,10.0,True,83.0374,83.0569,0.0195,77.0198,83.3497,77.0198,83.333,0.0195
FRA,judicial_effectiveness,84.2,92.62,10.0,True,83.0374,83.4005,0.3631,77.0198,83.3497,77.0251,83.3942,0.3631
FRA,property_rights,93.1,102.41,10.0,True,83.0374,82.9519,-0.0855,77.0198,83.3497,76.7478,83.0986,0.0855
FRA,business_freedom,82.0,90.2,10.0,True,83.0374,82.9736,-0.0638,77.0198,83.3497,77.0121,83.3499,0.0638
FRA,life_expectancy,82.5,90.75,10.0,True,83.0374,82.8378,-0.1996,77.0198,83.3497,77.0036,83.3497,0.1996
FRA,tertiary_enroll_pct,65.6,72.16,10.0,True,83.0374,83.1559,0.1185,77.0198,83.3497,77.0201,83.3609,0.1185
FRA,physicians_per_1k,3.27,3.597,10.0,True,83.0374,83.0381,0.0007,77.0198,83.3497,77.02,83.3497,0.0007
FRA,infant_mortality,3.4,3.74,10.0,True,83.0374,83.0374,0.0,77.0198,83.3497,77.0198,83.3497,0.0
ITA,tourist_arrivals,14.2893,15.7182,10.0,True,83.1605,83.1688,0.0083,76.7158,84.2766,76.7612,84.3591,0.0083
ITA,unesco_total_sites,54.0,59.4,10.0,True,83.1605,83.1605,0.0,76.7158,84.2766,76.7158,84.2766,0.0
ITA,unesco_cultural_sites,50.0,55.0,10.0,True,83.1605,83.1605,0.0,76.7158,84.2766,76.7158,84.2766,0.0
ITA,internet_pct_sp,33.6,36.96,10.0,True,83.1605,83.1605,0.0,76.7158,84.2766,76.7188,84.2781,0.0
ITA,rnd_pct_gdp_sp,0.5459,0.6005,10.0,True,83.1605,83.1605,0.0,76.7158,84.2766,76.7158,84.2766,0.0
ITA,sci_journal_articles,11.4141,12.5555,10.0,True,83.1605,83.1983,0.0378,76.7158,84.2766,76.7849,84.2766,0.0378
ITA,ai_publications,7.4712,8.2183,10.0,True,83.1605,83.201,0.0406,76.7158,84.2766,76.8155,84.3268,0.0406
ITA,hightech_exports_pct,9.9837,10.9821,10.0,True,83.1605,83.1605,0.0,76.7158,84.2766,76.7158,84.2766,0.0
ITA,fh_combined_score,66.6667,73.3333,10.0,True,83.1605,83.1605,0.0,76.7158,84.2766,76.8199,84.2766,0.0
ITA,trade_pct_gdp,76.9252,84.6178,10.0,True,83.1605,83.1613,0.0008,76.7158,84.2766,76.6617,84.2744,0.0008
ITA,investment_freedom,80.0,88.0,10.0,True,83.1605,83.1712,0.0108,76.7158,84.2766,76.7158,84.2785,0.0108
ITA,govt_integrity,60.7,66.77,10.0,True,83.1605,82.9962,-0.1643,76.7158,84.2766,76.7573,84.2766,0.1643
ITA,judicial_effectiveness,77.7,85.47,10.0,True,83.1605,83.2539,0.0934,76.7158,84.2766,76.8221,84.2766,0.0934
ITA,property_rights,81.6,89.76,10.0,True,83.1605,83.0297,-0.1308,76.7158,84.2766,76.7144,84.2247,0.1308
ITA,business_freedom,77.6,85.36,10.0,True,83.1605,83.2827,0.1222,76.7158,84.2766,76.7874,84.2468,0.1222
ITA,life_expectancy,82.9,91.19,10.0,True,83.1605,82.9609,-0.1996,76.7158,84.2766,76.7015,84.2766,0.1996
ITA,tertiary_enroll_pct,61.9,68.09,10.0,True,83.1605,83.2171,0.0566,76.7158,84.2766,76.7246,84.2776,0.0566
ITA,physicians_per_1k,3.98,4.378,10.0,True,83.1605,83.1727,0.0122,76.7158,84.2766,76.7038,84.2766,0.0122
ITA,infant_mortality,2.6,2.86,10.0,True,83.1605,83.1599,-0.0006,76.7158,84.2766,76.7158,84.2899,0.0006
TWN,tourist_arrivals,14.2893,15.7182,10.0,True,76.9985,77.02,0.0215,67.2124,79.6526,67.271,79.7932,0.0215
TWN,unesco_total_sites,4.0,4.4,10.0,True,76.9985,76.9985,0.0,67.2124,79.6526,67.2124,79.6526,0.0
TWN,unesco_cultural_sites,3.0,3.3,10.0,True,76.9985,76.9985,0.0,67.2124,79.6526,67.2124,79.6526,0.0
TWN,internet_pct_sp,33.6,36.96,10.0,True,76.9985,76.9985,0.0,67.2124,79.6526,67.2398,79.6776,0.0
TWN,rnd_pct_gdp_sp,0.5459,0.6005,10.0,True,76.9985,76.9985,0.0,67.2124,79.6526,67.2124,79.6526,0.0
TWN,sci_journal_articles,5.7669,6.3436,10.0,True,76.9985,76.9985,0.0,67.2124,79.6526,67.265,79.6526,0.0
TWN,ai_publications,6.8929,7.5822,10.0,True,76.9985,77.0875,0.0889,67.2124,79.6526,67.27,79.7254,0.0889
TWN,hightech_exports_pct,6.269,6.8959,10.0,True,76.9985,76.9985,0.0,67.2124,79.6526,67.2124,79.6526,0.0
TWN,fh_combined_score,66.6667,73.3333,10.0,True,76.9985,77.0849,0.0864,67.2124,79.6526,67.3073,79.6526,0.0864
TWN,trade_pct_gdp,76.9252,84.6178,10.0,True,76.9985,77.0123,0.0138,67.2124,79.6526,67.1874,79.6526,0.0138
TWN,investment_freedom,70.0,77.0,10.0,True,76.9985,76.9985,0.0,67.2124,79.6526,67.2124,79.6526,0.0
TWN,govt_integrity,73.4,80.74,10.0,True,76.9985,77.009,0.0105,67.2124,79.6526,67.2628,79.7616,0.0105
TWN,judicial_effectiveness,94.0,103.4,10.0,True,76.9985,77.0185,0.0199,67.2124,79.6526,67.2124,79.6535,0.0199
TWN,property_rights,82.2,90.42,10.0,True,76.9985,77.2059,0.2074,67.2124,79.6526,67.3124,79.6276,0.2074
TWN,business_freedom,84.9,93.39,10.0,True,76.9985,76.9877,-0.0108,67.2124,79.6526,67.2256,79.4457,0.0108
TWN,life_expectancy,74.1,81.51,10.0,True,76.9985,77.0792,0.0806,67.2124,79.6526,67.716,80.286,0.0806
TWN,tertiary_enroll_pct,31.7,34.87,10.0,True,76.9985,76.9985,0.0,67.2124,79.6526,67.2124,79.6526,0.0
TWN,physicians_per_1k,1.57,1.727,10.0,True,76.9985,76.9985,0.0,67.2124,79.6526,67.2124,79.6526,0.0
TWN,infant_mortality,13.7,15.07,10.0,True,76.9985,76.9985,0.0,67.2124,79.6526,67.2124,79.6526,0.0
ESP,tourist_arrivals,14.2893,15.7182,10.0,True,82.4132,82.4152,0.0021,76.7013,83.5325,76.7483,83.6276,0.0021
ESP,unesco_total_sites,46.0,50.6,10.0,True,82.4132,82.4132,0.0,76.7013,83.5325,76.7013,83.5201,0.0
ESP,unesco_cultural_sites,42.0,46.2,10.0,True,82.4132,82.4493,0.0362,76.7013,83.5325,76.7013,83.8157,0.0362
ESP,internet_pct_sp,33.6,36.96,10.0,True,82.4132,82.4132,0.0,76.7013,83.5325,76.7043,83.5341,0.0
ESP,rnd_pct_gdp_sp,0.5459,0.6005,10.0,True,82.4132,82.4132,0.0,76.7013,83.5325,76.7017,83.5325,0.0
ESP,sci_journal_articles,11.1139,12.2253,10.0,True,82.4132,82.4813,0.0682,76.7013,83.5325,76.7704,83.5706,0.0682
ESP,ai_publications,6.9921,7.6913,10.0,True,82.4132,82.5154,0.1023,76.7013,83.5325,76.8215,83.5345,0.1023
ESP,hightech_exports_pct,9.5625,10.5188,10.0,True,82.4132,82.4122,-0.0009,76.7013,83.5325,76.7013,83.5325,0.0009
ESP,fh_combined_score,66.6667,73.3333,10.0,True,82.4132,82.4132,0.0,76.7013,83.5325,76.8054,83.5325,0.0
ESP,trade_pct_gdp,76.9252,84.6178,10.0,True,82.4132,82.4156,0.0024,76.7013,83.5325,76.6472,83.5847,0.0024
ESP,investment_freedom,80.0,88.0,10.0,True,82.4132,82.4327,0.0196,76.7013,83.5325,76.7013,83.5339,0.0196
ESP,govt_integrity,64.0,70.4,10.0,True,82.4132,82.4953,0.0821,76.7013,83.5325,76.6262,83.5325,0.0821
ESP,judicial_effectiveness,73.6,80.96,10.0,True,82.4132,82.414,0.0009,76.7013,83.5325,76.7826,83.5325,0.0009
ESP,property_rights,87.2,95.92,10.0,True,82.4132,82.4312,0.018,76.7013,83.5325,76.668,83.5359,0.018
ESP,business_freedom,79.7,87.67,10.0,True,82.4132,82.4242,0.0111,76.7013,83.5325,76.7,83.4901,0.0111
ESP,life_expectancy,83.3,91.63,10.0,True,82.4132,82.2136,-0.1996,76.7013,83.5325,76.6977,83.5325,0.1996
ESP,tertiary_enroll_pct,88.9,97.79,10.0,True,82.4132,82.3863,-0.0269,76.7013,83.5325,76.7013,83.5325,0.0269
ESP,physicians_per_1k,3.87,4.257,10.0,True,82.4132,82.4254,0.0122,76.7013,83.5325,76.6893,83.5325,0.0122
ESP,infant_mortality,2.5,2.75,10.0,True,82.4132,82.4125,-0.0006,76.7013,83.5325,76.7105,83.5325,0.0006
GBR,tourist_arrivals,14.2893,15.7182,10.0,True,80.7118,80.7412,0.0294,77.4023,80.7248,77.4939,80.8253,0.0294
GBR,unesco_total_sites,32.0,35.2,10.0,True,80.7118,80.7769,0.0652,77.4023,80.7248,77.4023,80.8011,0.0652
GBR,unesco_cultural_sites,26.0,28.6,10.0,True,80.7118,80.7295,0.0177,77.4023,80.7248,77.4023,80.7248,0.0177
GBR,internet_pct_sp,33.6,36.96,10.0,True,80.7118,80.7118,0.0,77.4023,80.7248,77.4023,80.7264,0.0
GBR,rnd_pct_gdp_sp,0.5459,0.6005,10.0,True,80.7118,80.7118,0.0,77.4023,80.7248,77.4023,80.7248,0.0
GBR,sci_journal_articles,11.5673,12.724,10.0,True,80.7118,80.7064,-0.0054,77.4023,80.7248,77.4023,80.7248,0.0054
GBR,ai_publications,7.9398,8.7338,10.0,True,80.7118,80.7118,0.0,77.4023,80.7248,77.4023,80.7189,0.0
GBR,hightech_exports_pct,28.8917,31.7809,10.0,True,80.7118,80.6956,-0.0162,77.4023,80.7248,77.4023,80.7248,0.0162
GBR,fh_combined_score,66.6667,73.3333,10.0,True,80.7118,80.7118,0.0,77.4023,80.7248,77.5064,80.7248,0.0
GBR,trade_pct_gdp,76.9252,84.6178,10.0,True,80.7118,80.7183,0.0065,77.4023,80.7248,77.3482,80.7441,0.0065
GBR,investment_freedom,80.0,88.0,10.0,True,80.7118,80.7148,0.003,77.4023,80.7248,77.4023,80.7269,0.003
GBR,govt_integrity,84.1,92.51,10.0,True,80.7118,80.6949,-0.0169,77.4023,80.7248,77.1454,80.6972,0.0169
GBR,judicial_effectiveness,84.3,92.73,10.0,True,80.7118,81.3348,0.623,77.4023,80.7248,77.4056,80.8659,0.623
GBR,property_rights,94.6,104.06,10.0,True,80.7118,80.6262,-0.0855,77.4023,80.7248,77.1311,80.4737,0.0855
GBR,business_freedom,82.7,90.97,10.0,True,80.7118,80.6766,-0.0352,77.4023,80.7248,77.3896,80.6918,0.0352
GBR,life_expectancy,81.3,89.43,10.0,True,80.7118,80.513,-0.1988,77.4023,80.7248,77.3861,80.7248,0.1988
GBR,tertiary_enroll_pct,60.0,66.0,10.0,True,80.7118,80.7215,0.0097,77.4023,80.7248,77.4041,80.7248,0.0097
GBR,physicians_per_1k,2.81,3.091,10.0,True,80.7118,80.7143,0.0025,77.4023,80.7248,77.4023,80.7368,0.0025
GBR,infant_mortality,3.6,3.96,10.0,True,80.7118,80.7118,0.0,77.4023,80.7248,77.4023,80.7248,0.0
JPN,tourist_arrivals,14.2893,15.7182,10.0,True,79.2151,79.2232,0.008,76.3917,79.5771,76.4942,79.6309,0.008
JPN,unesco_total_sites,25.0,27.5,10.0,True,79.2151,79.2151,0.0,76.3917,79.5771,76.3917,79.5771,0.0
JPN,unesco_cultural_sites,20.0,22.0,10.0,True,79.2151,79.2151,0.0,76.3917,79.5771,76.3917,79.5771,0.0
JPN,internet_pct_sp,33.6,36.96,10.0,True,79.2151,79.2151,0.0,76.3917,79.5771,76.3917,79.5787,0.0
JPN,rnd_pct_gdp_sp,0.5459,0.6005,10.0,True,79.2151,79.2236,0.0084,76.3917,79.5771,76.3918,79.5771,0.0084
JPN,sci_journal_articles,11.5495,12.7044,10.0,True,79.2151,79.2353,0.0202,76.3917,79.5771,76.4608,79.5771,0.0202
JPN,ai_publications,7.9874,8.7861,10.0,True,79.2151,79.219,0.0039,76.3917,79.5771,76.3917,79.5767,0.0039
JPN,hightech_exports_pct,17.5547,19.3102,10.0,True,79.2151,79.2151,0.0,76.3917,79.5771,76.3917,79.5766,0.0
JPN,fh_combined_score,66.6667,73.3333,10.0,True,79.2151,79.2151,0.0,76.3917,79.5771,76.5027,79.5771,0.0
JPN,trade_pct_gdp,76.9252,84.6178,10.0,True,79.2151,79.2593,0.0441,76.3917,79.5771,76.3376,79.5478,0.0441
JPN,investment_freedom,70.0,77.0,10.0,True,79.2151,79.2151,0.0,76.3917,79.5771,76.3866,79.5771,0.0
JPN,govt_integrity,82.6,90.86,10.0,True,79.2151,79.2017,-0.0134,76.3917,79.5771,76.2724,79.5738,0.0134
JPN,judicial_effectiveness,93.6,102.96,10.0,True,79.2151,79.2351,0.0199,76.3917,79.5771,76.3917,79.5779,0.0199
JPN,property_rights,94.6,104.06,10.0,True,79.2151,79.1273,-0.0878,76.3917,79.5771,76.1205,79.3278,0.0878
JPN,business_freedom,77.5,85.25,10.0,True,79.2151,79.2188,0.0036,76.3917,79.5771,76.4031,79.5957,0.0036
JPN,life_expectancy,84.2,92.62,10.0,True,79.2151,79.2151,0.0,76.3917,79.5771,76.3917,79.5771,0.0
JPN,tertiary_enroll_pct,63.2,69.52,10.0,True,79.2151,79.2357,0.0206,76.3917,79.5771,76.3938,79.5771,0.0206
JPN,physicians_per_1k,2.41,2.651,10.0,True,79.2151,79.1329,-0.0823,76.3917,79.5771,76.4339,79.5771,0.0823
JPN,infant_mortality,1.8,1.98,10.0,True,79.2151,79.2151,0.0,76.3917,79.5771,76.3917,79.5771,0.0
CHN,tourist_arrivals,14.2893,15.7182,10.0,True,68.6904,68.6974,0.007,60.6477,71.5685,60.6834,71.4516,0.007
CHN,unesco_total_sites,59.0,64.9,10.0,True,68.6904,68.6904,0.0,60.6477,71.5685,60.6477,71.5685,0.0
CHN,unesco_cultural_sites,40.0,44.0,10.0,True,68.6904,69.3641,0.6737,60.6477,71.5685,60.6477,72.0095,0.6737
CHN,internet_pct_sp,33.6,36.96,10.0,True,68.6904,68.6904,0.0,60.6477,71.5685,60.6523,71.571,0.0
CHN,rnd_pct_gdp_sp,0.5459,0.6005,10.0,True,68.6904,68.6989,0.0084,60.6477,71.5685,60.7413,71.5685,0.0084
CHN,sci_journal_articles,13.709,15.0799,10.0,True,68.6904,68.6904,0.0,60.6477,71.5685,60.6477,71.5685,0.0
CHN,ai_publications,10.4038,11.4442,10.0,True,68.6904,68.6904,0.0,60.6477,71.5685,60.6477,71.5685,0.0
CHN,hightech_exports_pct,26.5682,29.225,10.0,True,68.6904,68.6867,-0.0037,60.6477,71.5685,60.6469,71.4844,0.0037
CHN,fh_combined_score,66.6667,73.3333,10.0,True,68.6904,68.6904,0.0,60.6477,71.5685,60.7636,71.5685,0.0
CHN,trade_pct_gdp,76.9252,84.6178,10.0,True,68.6904,68.7052,0.0148,60.6477,71.5685,60.111,71.3577,0.0148
CHN,investment_freedom,20.0,22.0,10.0,True,68.6904,68.6904,0.0,60.6477,71.5685,60.6477,71.5685,0.0
CHN,govt_integrity,41.6,45.76,10.0,True,68.6904,68.7293,0.0389,60.6477,71.5685,60.6421,71.5818,0.0389
CHN,judicial_effectiveness,39.5,43.45,10.0,True,68.6904,68.7647,0.0743,60.6477,71.5685,60.6765,71.569,0.0743
CHN,property_rights,46.9,51.59,10.0,True,68.6904,69.1647,0.4743,60.6477,71.5685,60.9872,71.6162,0.4743
CHN,business_freedom,68.1,74.91,10.0,True,68.6904,68.5694,-0.121,60.6477,71.5685,60.7227,71.5534,0.121
CHN,life_expectancy,77.0,84.7,10.0,True,68.6904,68.6501,-0.0403,60.6477,71.5685,61.3018,73.6287,0.0403
CHN,tertiary_enroll_pct,50.6,55.66,10.0,True,68.6904,68.6904,0.0,60.6477,71.5685,60.6477,71.5685,0.0
CHN,physicians_per_1k,1.98,2.178,10.0,True,68.6904,68.6904,0.0,60.6477,71.5685,60.6477,71.5654,0.0
CHN,infant_mortality,7.4,8.14,10.0,True,68.6904,68.6904,0.0,60.6477,71.5685,60.4261,71.5685,0.0
USA,tourist_arrivals,14.2893,15.7182,10.0,True,77.4677,77.474,0.0063,74.103,77.6754,74.3611,77.7553,0.0063
USA,unesco_total_sites,23.0,25.3,10.0,True,77.4677,77.4677,0.0,74.103,77.6754,74.103,77.675,0.0
USA,unesco_cultural_sites,12.0,13.2,10.0,True,77.4677,77.4677,0.0,74.103,77.6754,74.1037,77.6754,0.0
USA,internet_pct_sp,33.6,36.96,10.0,True,77.4677,77.4677,0.0,74.103,77.6754,74.1252,77.6746,0.0
USA,rnd_pct_gdp_sp,0.5459,0.6005,10.0,True,77.4677,77.4677,0.0,74.103,77.6754,74.103,77.6754,0.0
USA,sci_journal_articles,13.0332,14.3365,10.0,True,77.4677,77.4677,0.0,74.103,77.6754,74.103,77.6754,0.0
USA,ai_publications,9.327,10.2597,10.0,True,77.4677,77.5877,0.12,74.103,77.6754,74.103,77.6754,0.12
USA,hightech_exports_pct,24.323,26.7553,10.0,True,77.4677,77.4677,0.0,74.103,77.6754,74.064,77.7304,0.0
USA,fh_combined_score,66.6667,73.3333,10.0,True,77.4677,77.4677,0.0,74.103,77.6754,74.1982,77.6754,0.0
USA,trade_pct_gdp,76.9252,84.6178,10.0,True,77.4677,77.5052,0.0375,74.103,77.6754,74.0414,77.6984,0.0375
USA,investment_freedom,80.0,88.0,10.0,True,77.4677,77.478,0.0103,74.103,77.6754,74.103,77.6761,0.0103
USA,govt_integrity,76.4,84.04,10.0,True,77.4677,77.4688,0.0012,74.103,77.6754,74.1342,77.6611,0.0012
USA,judicial_effectiveness,74.8,82.28,10.0,True,77.4677,77.4673,-0.0004,74.103,77.6754,74.1612,77.6754,0.0004
USA,property_rights,95.1,104.61,10.0,True,77.4677,77.3687,-0.099,74.103,77.6754,73.831,77.4243,0.099
USA,business_freedom,84.8,93.28,10.0,True,77.4677,77.4738,0.0061,74.103,77.6754,74.1082,77.6518,0.0061
USA,life_expectancy,78.5,86.35,10.0,True,77.4677,77.6199,0.1522,74.103,77.6754,75.8074,78.1348,0.1522
USA,tertiary_enroll_pct,88.2,97.02,10.0,True,77.4677,77.4677,0.0,74.103,77.6754,74.103,77.6754,0.0
USA,physicians_per_1k,2.61,2.871,10.0,True,77.4677,77.4677,0.0,74.103,77.6754,74.103,77.6754,0.0
USA,infant_mortality,5.6,6.16,10.0,True,77.4677,76.8937,-0.574,74.103,77.6754,74.103,77.6724,0.574
AUS,tourist_arrivals,14.2893,15.7182,10.0,True,77.9345,77.8932,-0.0413,74.9552,77.3665,74.9662,77.4187,0.0413
AUS,unesco_total_sites,21.0,23.1,10.0,True,77.9345,77.9345,0.0,74.9552,77.3665,74.9989,77.3665,0.0
AUS,unesco_cultural_sites,5.0,5.5,10.0,True,77.9345,77.9345,0.0,74.9552,77.3665,74.9552,77.3665,0.0
AUS,internet_pct_sp,33.6,36.96,10.0,True,77.9345,77.9345,0.0,74.9552,77.3665,74.9552,77.3656,0.0
AUS,rnd_pct_gdp_sp,0.5459,0.6005,10.0,True,77.9345,77.9345,0.0,74.9552,77.3665,74.9552,77.3665,0.0
AUS,sci_journal_articles,11.0398,12.1438,10.0,True,77.9345,77.9551,0.0206,74.9552,77.3665,75.1368,77.3725,0.0206
AUS,ai_publications,7.0997,7.8096,10.0,True,77.9345,77.9345,-0.0,74.9552,77.3665,75.0891,77.3701,0.0
AUS,hightech_exports_pct,25.1586,27.6745,10.0,True,77.9345,77.9345,0.0,74.9552,77.3665,74.9351,77.3279,0.0
AUS,fh_combined_score,66.6667,73.3333,10.0,True,77.9345,77.9345,0.0,74.9552,77.3665,75.0594,77.3665,0.0
AUS,trade_pct_gdp,76.9252,84.6178,10.0,True,77.9345,77.9245,-0.01,74.9552,77.3665,74.9547,77.3312,0.01
AUS,investment_freedom,80.0,88.0,10.0,True,77.9345,77.9375,0.003,74.9552,77.3665,74.9552,77.3683,0.003
AUS,govt_integrity,85.2,93.72,10.0,True,77.9345,77.9597,0.0252,74.9552,77.3665,74.7189,77.4459,0.0252
AUS,judicial_effectiveness,94.4,103.84,10.0,True,77.9345,77.9544,0.0199,74.9552,77.3665,74.9552,77.3673,0.0199
AUS,property_rights,91.0,100.1,10.0,True,77.9345,77.85,-0.0845,74.9552,77.3665,74.6931,77.1147,0.0845
AUS,business_freedom,92.1,101.31,10.0,True,77.9345,78.0294,0.0949,74.9552,77.3665,74.9552,77.3755,0.0949
AUS,life_expectancy,82.7,90.97,10.0,True,77.9345,77.9345,0.0,74.9552,77.3665,74.9689,77.3665,0.0
AUS,tertiary_enroll_pct,113.1,124.41,10.0,True,77.9345,77.9345,0.0,74.9552,77.3665,74.9552,77.3665,0.0
AUS,physicians_per_1k,3.68,4.048,10.0,True,77.9345,77.9345,0.0,74.9552,77.3665,74.9554,77.3665,0.0
AUS,infant_mortality,3.1,3.41,10.0,True,77.9345,77.9439,0.0094,74.9552,77.3665,74.9552,77.3665,0.0094
KOR,tourist_arrivals,14.2893,15.7182,10.0,True,74.6948,74.693,-0.0018,72.2117,74.5638,72.4389,74.6136,0.0018
KOR,unesco_total_sites,17.0,18.7,10.0,True,74.6948,74.6948,0.0,72.2117,74.5638,72.2097,74.5638,0.0
KOR,unesco_cultural_sites,15.0,16.5,10.0,True,74.6948,74.6948,0.0,72.2117,74.5638,72.2117,74.5638,0.0
KOR,internet_pct_sp,33.6,36.96,10.0,True,74.6948,74.6948,0.0,72.2117,74.5638,72.2339,74.5629,0.0
KOR,rnd_pct_gdp_sp,0.5459,0.6005,10.0,True,74.6948,74.7032,0.0084,72.2117,74.5638,72.2117,74.5638,0.0084
KOR,sci_journal_articles,11.2507,12.3758,10.0,True,74.6948,74.6967,0.002,72.2117,74.5638,72.2117,74.5694,0.002
KOR,ai_publications,7.7747,8.5522,10.0,True,74.6948,74.7066,0.0118,72.2117,74.5638,72.2398,74.5888,0.0118
KOR,hightech_exports_pct,29.9769,32.9746,10.0,True,74.6948,74.6948,0.0,72.2117,74.5638,72.2117,74.5638,0.0
KOR,fh_combined_score,66.6667,73.3333,10.0,True,74.6948,74.6948,0.0,72.2117,74.5638,72.3158,74.5638,0.0
KOR,trade_pct_gdp,76.9252,84.6178,10.0,True,74.6948,74.7065,0.0118,72.2117,74.5638,72.2112,74.357,0.0118
KOR,investment_freedom,60.0,66.0,10.0,True,74.6948,74.6644,-0.0303,72.2117,74.5638,72.2117,74.5687,0.0303
KOR,govt_integrity,69.2,76.12,10.0,True,74.6948,74.6961,0.0013,72.2117,74.5638,72.2117,74.5636,0.0013
KOR,judicial_effectiveness,76.9,84.59,10.0,True,74.6948,74.961,0.2663,72.2117,74.5638,72.2848,74.5549,0.2663
KOR,property_rights,88.3,97.13,10.0,True,74.6948,74.7454,0.0506,72.2117,74.5638,71.9506,74.3483,0.0506
KOR,business_freedom,85.0,93.5,10.0,True,74.6948,74.6804,-0.0144,72.2117,74.5638,72.211,74.5728,0.0144
KOR,life_expectancy,82.6,90.86,10.0,True,74.6948,74.6948,0.0,72.2117,74.5638,72.1829,74.5638,0.0
KOR,tertiary_enroll_pct,94.3,103.73,10.0,True,74.6948,74.6948,0.0,72.2117,74.5638,72.2117,74.5622,0.0
KOR,physicians_per_1k,2.36,2.596,10.0,True,74.6948,74.6948,0.0,72.2117,74.5638,72.2117,74.5638,0.0
KOR,infant_mortality,2.7,2.97,10.0,True,74.6948,74.6948,0.0,72.2117,74.5638,72.2117,74.5743,0.0
SWE,tourist_arrivals,14.2893,15.7182,10.0,True,75.8987,75.9009,0.0022,72.7093,77.1457,72.8082,77.2064,0.0022
SWE,unesco_total_sites,13.0,14.3,10.0,True,75.8987,75.8987,0.0,72.7093,77.1457,72.7093,77.1457,0.0
SWE,unesco_cultural_sites,12.0,13.2,10.0,True,75.8987,75.8987,0.0,72.7093,77.1457,72.7093,77.1457,0.0
SWE,internet_pct_sp,33.6,36.96,10.0,True,75.8987,75.8987,0.0,72.7093,77.1457,72.7093,77.1448,0.0
SWE,rnd_pct_gdp_sp,0.5459,0.6005,10.0,True,75.8987,75.9071,0.0084,72.7093,77.1457,72.7093,77.1457,0.0084
SWE,sci_journal_articles,10.0148,11.0163,10.0,True,75.8987,75.8981,-0.0006,72.7093,77.1457,72.7085,77.1543,0.0006
SWE,ai_publications,6.0669,6.6735,10.0,True,75.8987,76.0466,0.1479,72.7093,77.1457,72.9554,77.2597,0.1479
SWE,hightech_exports_pct,17.6226,19.3848,10.0,True,75.8987,75.8991,0.0004,72.7093,77.1457,72.7095,77.1457,0.0004
SWE,fh_combined_score,66.6667,73.3333,10.0,True,75.8987,75.8987,0.0,72.7093,77.1457,72.8489,77.1457,0.0
SWE,trade_pct_gdp,76.9252,84.6178,10.0,True,75.8987,75.9042,0.0054,72.7093,77.1457,72.0983,77.1158,0.0054
SWE,investment_freedom,85.0,93.5,10.0,True,75.8987,75.8994,0.0007,72.7093,77.1457,72.7083,77.1609,0.0007
SWE,govt_integrity,93.2,102.52,10.0,True,75.8987,76.11,0.2112,72.7093,77.1457,72.7093,76.9543,0.2112
SWE,judicial_effectiveness,95.4,104.94,10.0,True,75.8987,75.9187,0.0199,72.7093,77.1457,72.7093,77.1457,0.0199
SWE,property_rights,96.2,105.82,10.0,True,75.8987,75.7694,-0.1293,72.7093,77.1457,72.5217,76.8945,0.1293
SWE,business_freedom,84.9,93.39,10.0,True,75.8987,75.9626,0.0639,72.7093,77.1457,72.7349,77.1161,0.0639
SWE,life_expectancy,82.5,90.75,10.0,True,75.8987,75.8987,0.0,72.7093,77.1457,72.706,77.1457,0.0
SWE,tertiary_enroll_pct,67.0,73.7,10.0,True,75.8987,75.9418,0.0431,72.7093,77.1457,72.71,77.1457,0.0431
SWE,physicians_per_1k,3.98,4.378,10.0,True,75.8987,75.8987,0.0,72.7093,77.1457,72.6854,77.1457,0.0
SWE,infant_mortality,2.2,2.42,10.0,True,75.8987,75.8987,0.0,72.7093,77.1457,72.7093,77.1457,0.0
NLD,tourist_arrivals,14.2893,15.7182,10.0,True,75.1434,75.1202,-0.0232,71.4388,75.9077,71.7357,75.9386,0.0232
NLD,unesco_total_sites,10.0,11.0,10.0,True,75.1434,75.1434,0.0,71.4388,75.9077,71.4388,75.9077,0.0
NLD,unesco_cultural_sites,10.0,11.0,10.0,True,75.1434,75.1434,0.0,71.4388,75.9077,71.4388,75.9077,0.0
NLD,internet_pct_sp,33.6,36.96,10.0,True,75.1434,75.1434,0.0,71.4388,75.9077,71.4388,75.9048,0.0
NLD,rnd_pct_gdp_sp,0.5459,0.6005,10.0,True,75.1434,75.1518,0.0084,71.4388,75.9077,71.439,75.9077,0.0084
NLD,sci_journal_articles,10.4433,11.4876,10.0,True,75.1434,75.1553,0.012,71.4388,75.9077,71.4459,75.9264,0.012
NLD,ai_publications,6.5708,7.2279,10.0,True,75.1434,75.2765,0.1332,71.4388,75.9077,71.5128,75.6746,0.1332
NLD,hightech_exports_pct,24.4877,26.9365,10.0,True,75.1434,75.1434,0.0,71.4388,75.9077,71.3998,75.9183,0.0
NLD,fh_combined_score,66.6667,73.3333,10.0,True,75.1434,75.1434,0.0,71.4388,75.9077,71.5785,75.9077,0.0
NLD,trade_pct_gdp,76.9252,84.6178,10.0,True,75.1434,75.1462,0.0029,71.4388,75.9077,70.8278,75.6221,0.0029
NLD,investment_freedom,90.0,99.0,10.0,True,75.1434,75.1434,0.0,71.4388,75.9077,71.4379,75.9116,0.0
NLD,govt_integrity,87.8,96.58,10.0,True,75.1434,75.2525,0.1091,71.4388,75.9077,71.4374,75.8496,0.1091
NLD,judicial_effectiveness,96.2,105.82,10.0,True,75.1434,75.1434,0.0,71.4388,75.9077,71.4388,75.9077,0.0
NLD,property_rights,95.6,105.16,10.0,True,75.1434,75.012,-0.1314,71.4388,75.9077,71.2071,75.6562,0.1314
NLD,business_freedom,88.6,97.46,10.0,True,75.1434,75.1305,-0.0129,71.4388,75.9077,71.4503,75.8491,0.0129
NLD,life_expectancy,81.8,89.98,10.0,True,75.1434,75.1384,-0.0049,71.4388,75.9077,71.4471,75.9077,0.0049
NLD,tertiary_enroll_pct,85.0,93.5,10.0,True,75.1434,75.148,0.0046,71.4388,75.9077,71.4665,75.9077,0.0046
NLD,physicians_per_1k,3.61,3.971,10.0,True,75.1434,75.1374,-0.006,71.4388,75.9077,71.4382,75.9077,0.006
NLD,infant_mortality,3.3,3.63,10.0,True,75.1434,75.1434,0.0,71.4388,75.9077,71.4388,75.9074,0.0
CAN,tourist_arrivals,14.2893,15.7182,10.0,True,76.4064,76.4417,0.0353,73.5753,76.9276,73.5943,76.9789,0.0353
CAN,unesco_total_sites,20.0,22.0,10.0,True,76.4064,76.4064,0.0,73.5753,76.9276,73.5753,76.9276,0.0
CAN,unesco_cultural_sites,10.0,11.0,10.0,True,76.4064,76.4064,0.0,73.5753,76.9276,73.5753,76.9276,0.0
CAN,internet_pct_sp,33.6,36.96,10.0,True,76.4064,76.4064,0.0,73.5753,76.9276,73.5753,76.9267,0.0
CAN,rnd_pct_gdp_sp,0.5459,0.6005,10.0,True,76.4064,76.4064,0.0,73.5753,76.9276,73.5753,76.9276,0.0
CAN,sci_journal_articles,11.1426,12.2569,10.0,True,76.4064,76.4432,0.0367,73.5753,76.9276,73.6444,76.9303,0.0367
CAN,ai_publications,7.2571,7.9829,10.0,True,76.4064,76.4064,-0.0,73.5753,76.9276,73.6226,76.8541,0.0
CAN,hightech_exports_pct,17.3614,19.0975,10.0,True,76.4064,76.3996,-0.0068,73.5753,76.9276,73.5741,76.9271,0.0068
CAN,fh_combined_score,66.6667,73.3333,10.0,True,76.4064,76.4064,0.0,73.5753,76.9276,73.715,76.9276,0.0
CAN,trade_pct_gdp,76.9252,84.6178,10.0,True,76.4064,76.4302,0.0238,73.5753,76.9276,73.1108,76.7213,0.0238
CAN,investment_freedom,80.0,88.0,10.0,True,76.4064,76.393,-0.0135,73.5753,76.9276,73.5753,76.9352,0.0135
CAN,govt_integrity,73.1,80.41,10.0,True,76.4064,76.3983,-0.0082,73.5753,76.9276,73.5848,76.9276,0.0082
CAN,judicial_effectiveness,95.0,104.5,10.0,True,76.4064,76.4264,0.0199,73.5753,76.9276,73.5753,76.9285,0.0199
CAN,property_rights,88.6,97.46,10.0,True,76.4064,76.3201,-0.0864,73.5753,76.9276,73.347,76.674,0.0864
CAN,business_freedom,84.1,92.51,10.0,True,76.4064,76.4121,0.0057,73.5753,76.9276,73.548,76.897,0.0057
CAN,life_expectancy,81.9,90.09,10.0,True,76.4064,76.4064,0.0,73.5753,76.9276,73.5887,76.9276,0.0
CAN,tertiary_enroll_pct,68.9,75.79,10.0,True,76.4064,76.4495,0.0431,73.5753,76.9276,73.5756,76.9269,0.0431
CAN,physicians_per_1k,2.61,2.871,10.0,True,76.4064,76.4064,0.0,73.5753,76.9276,73.5753,76.9276,0.0
CAN,infant_mortality,4.3,4.73,10.0,True,76.4064,75.9217,-0.4847,73.5753,76.9276,73.5753,76.9276,0.4847
DNK,tourist_arrivals,14.2893,15.7182,10.0,True,74.3954,74.4484,0.0531,70.0017,75.1462,70.105,75.2876,0.0531
DNK,unesco_total_sites,10.0,11.0,10.0,True,74.3954,74.3954,0.0,70.0017,75.1462,70.0017,75.1462,0.0
DNK,unesco_cultural_sites,7.0,7.7,10.0,True,74.3954,74.3954,0.0,70.0017,75.1462,70.0017,75.1368,0.0
DNK,internet_pct_sp,33.6,36.96,10.0,True,74.3954,74.3954,0.0,70.0017,75.1462,70.0038,75.1453,0.0
DNK,rnd_pct_gdp_sp,0.5459,0.6005,10.0,True,74.3954,74.3954,0.0,70.0017,75.1462,70.0017,75.1462,0.0
DNK,sci_journal_articles,9.6883,10.6571,10.0,True,74.3954,74.3979,0.0025,70.0017,75.1462,69.9994,75.1752,0.0025
DNK,ai_publications,6.0996,6.7096,10.0,True,74.3954,74.5407,0.1453,70.0017,75.1462,70.2478,75.4132,0.1453
DNK,hightech_exports_pct,17.3657,19.1023,10.0,True,74.3954,74.3957,0.0004,70.0017,75.1462,70.0011,75.1462,0.0004
DNK,fh_combined_score,66.6667,73.3333,10.0,True,74.3954,74.3954,0.0,70.0017,75.1462,70.1414,75.1462,0.0
DNK,trade_pct_gdp,76.9252,84.6178,10.0,True,74.3954,74.3953,-0.0001,70.0017,75.1462,69.3907,74.8605,0.0001
DNK,investment_freedom,90.0,99.0,10.0,True,74.3954,74.3954,0.0,70.0017,75.1462,70.0007,75.1481,0.0
DNK,govt_integrity,97.4,107.14,10.0,True,74.3954,74.3954,0.0,70.0017,75.1462,70.0017,75.1462,0.0
DNK,judicial_effectiveness,89.6,98.56,10.0,True,74.3954,74.4317,0.0363,70.0017,75.1462,70.0,75.1594,0.0363
DNK,property_rights,98.6,108.46,10.0,True,74.3954,74.3954,0.0,70.0017,75.1462,70.0017,75.1462,0.0
DNK,business_freedom,92.7,101.97,10.0,True,74.3954,74.5044,0.109,70.0017,75.1462,70.0017,75.1542,0.109
DNK,life_expectancy,81.0,89.1,10.0,True,74.3954,74.4096,0.0142,70.0017,75.1462,70.2595,75.1462,0.0142
DNK,tertiary_enroll_pct,80.6,88.66,10.0,True,74.3954,74.3954,0.0,70.0017,75.1462,70.0286,75.1487,0.0
DNK,physicians_per_1k,4.01,4.411,10.0,True,74.3954,74.3954,0.0,70.0017,75.1462,69.9778,75.1462,0.0
DNK,infant_mortality,3.6,3.96,10.0,True,74.3954,74.3954,0.0,70.0017,75.1462,70.0017,75.061,0.0
CHE,tourist_arrivals,14.2893,15.7182,10.0,True,74.719,74.7593,0.0403,71.6231,75.7567,71.7142,75.8376,0.0403
CHE,unesco_total_sites,8.0,8.8,10.0,True,74.719,74.719,0.0,71.6231,75.7567,71.6231,75.7631,0.0
CHE,unesco_cultural_sites,6.0,6.6,10.0,True,74.719,74.719,0.0,71.6231,75.7567,71.6231,75.7567,0.0
CHE,internet_pct_sp,33.6,36.96,10.0,True,74.719,74.719,0.0,71.6231,75.7567,71.6252,75.7559,0.0
CHE,rnd_pct_gdp_sp,0.5459,0.6005,10.0,True,74.719,74.719,0.0,71.6231,75.7567,71.6231,75.7567,0.0
CHE,sci_journal_articles,10.0961,11.1057,10.0,True,74.719,74.7181,-0.0009,71.6231,75.7567,71.6488,75.7654,0.0009
CHE,ai_publications,6.2789,6.9068,10.0,True,74.719,74.7718,0.0527,71.6231,75.7567,71.9488,75.635,0.0527
CHE,hightech_exports_pct,29.2758,32.2034,10.0,True,74.719,74.7433,0.0243,71.6231,75.7567,71.6231,75.7567,0.0243
CHE,fh_combined_score,66.6667,73.3333,10.0,True,74.719,74.719,0.0,71.6231,75.7567,71.7628,75.7567,0.0
CHE,trade_pct_gdp,76.9252,84.6178,10.0,True,74.719,74.7244,0.0054,71.6231,75.7567,71.0121,75.5475,0.0054
CHE,investment_freedom,85.0,93.5,10.0,True,74.719,74.7197,0.0007,71.6231,75.7567,71.6221,75.7639,0.0007
CHE,govt_integrity,91.3,100.43,10.0,True,74.719,74.853,0.1339,71.6231,75.7567,71.6075,75.8856,0.1339
CHE,judicial_effectiveness,98.1,107.91,10.0,True,74.719,74.719,0.0,71.6231,75.7567,71.6231,75.7567,0.0
CHE,property_rights,94.2,103.62,10.0,True,74.719,74.6512,-0.0678,71.6231,75.7567,71.3922,75.5052,0.0678
CHE,business_freedom,89.3,98.23,10.0,True,74.719,74.7799,0.0609,71.6231,75.7567,71.6369,75.7677,0.0609
CHE,life_expectancy,83.6,91.96,10.0,True,74.719,74.719,0.0,71.6231,75.7567,71.6231,75.7567,0.0
CHE,tertiary_enroll_pct,59.6,65.56,10.0,True,74.719,74.7257,0.0067,71.6231,75.7567,71.6289,76.0099,0.0067
CHE,physicians_per_1k,4.3,4.73,10.0,True,74.719,74.719,0.0,71.6231,75.7567,71.6231,75.7567,0.0
CHE,infant_mortality,3.7,4.07,10.0,True,74.719,74.719,0.0,71.6231,75.7567,71.6231,75.6715,0.0
NOR,tourist_arrivals,14.2893,15.7182,10.0,True,72.0154,72.0868,0.0714,68.6374,73.4233,68.7348,73.5017,0.0714
NOR,unesco_total_sites,7.0,7.7,10.0,True,72.0154,72.0154,0.0,68.6374,73.4233,68.6374,73.4524,0.0
NOR,unesco_cultural_sites,6.0,6.6,10.0,True,72.0154,72.0154,0.0,68.6374,73.4233,68.6374,73.4233,0.0
NOR,internet_pct_sp,33.6,36.96,10.0,True,72.0154,72.0154,0.0,68.6374,73.4233,68.6395,73.4225,0.0
NOR,rnd_pct_gdp_sp,0.5459,0.6005,10.0,True,72.0154,72.0154,0.0,68.6374,73.4233,68.6374,73.4233,0.0
NOR,sci_journal_articles,9.5518,10.507,10.0,True,72.0154,72.0082,-0.0072,68.6374,73.4233,68.7788,73.4592,0.0072
NOR,ai_publications,5.5158,6.0674,10.0,True,72.0154,72.024,0.0086,68.6374,73.4233,68.668,73.6125,0.0086
NOR,hightech_exports_pct,25.2975,27.8273,10.0,True,72.0154,72.0174,0.002,68.6374,73.4233,68.6374,73.4235,0.002
NOR,fh_combined_score,66.6667,73.3333,10.0,True,72.0154,72.0154,0.0,68.6374,73.4233,68.7771,73.4233,0.0
NOR,trade_pct_gdp,76.9252,84.6178,10.0,True,72.0154,72.01,-0.0054,68.6374,73.4233,68.0264,73.2147,0.0054
NOR,investment_freedom,75.0,82.5,10.0,True,72.0154,72.0016,-0.0138,68.6374,73.4233,68.6356,73.4251,0.0138
NOR,govt_integrity,95.6,105.16,10.0,True,72.0154,72.22,0.2046,68.6374,73.4233,68.6374,73.4811,0.2046
NOR,judicial_effectiveness,96.7,106.37,10.0,True,72.0154,72.0154,0.0,68.6374,73.4233,68.6374,73.4233,0.0
NOR,property_rights,98.8,108.68,10.0,True,72.0154,72.0154,0.0,68.6374,73.4233,68.6374,73.4233,0.0
NOR,business_freedom,87.2,95.92,10.0,True,72.0154,72.2019,0.1864,68.6374,73.4233,68.6514,73.4199,0.1864
NOR,life_expectancy,82.8,91.08,10.0,True,72.0154,72.0154,0.0,68.6374,73.4233,68.6339,73.4233,0.0
NOR,tertiary_enroll_pct,82.0,90.2,10.0,True,72.0154,72.0154,0.0,68.6374,73.4233,68.6656,73.4258,0.0
NOR,physicians_per_1k,2.92,3.212,10.0,True,72.0154,72.0154,0.0,68.6374,73.4233,68.6374,73.5446,0.0
NOR,infant_mortality,2.1,2.31,10.0,True,72.0154,72.0154,0.0,68.6374,73.4233,68.6374,73.4233,0.0
FIN,tourist_arrivals,14.2893,15.7182,10.0,True,73.2097,73.2198,0.0101,68.9006,74.2967,68.9645,74.4403,0.0101
FIN,unesco_total_sites,5.0,5.5,10.0,True,73.2097,73.2097,0.0,68.9006,74.2967,68.9006,74.2967,0.0
FIN,unesco_cultural_sites,5.0,5.5,10.0,True,73.2097,73.2097,0.0,68.9006,74.2967,68.9006,74.2967,0.0
FIN,internet_pct_sp,33.6,36.96,10.0,True,73.2097,73.2097,0.0,68.9006,74.2967,68.9027,74.2958,0.0
FIN,rnd_pct_gdp_sp,0.5459,0.6005,10.0,True,73.2097,73.2181,0.0084,68.9006,74.2967,68.9006,74.2967,0.0084
FIN,sci_journal_articles,9.3938,10.3332,10.0,True,73.2097,73.2062,-0.0036,68.9006,74.2967,69.3342,74.3289,0.0036
FIN,ai_publications,5.6411,6.2052,10.0,True,73.2097,73.4097,0.2,68.9006,74.2967,69.1176,74.499,0.2
FIN,hightech_exports_pct,9.714,10.6854,10.0,True,73.2097,73.2097,0.0,68.9006,74.2967,68.9006,74.2967,0.0
FIN,fh_combined_score,66.6667,73.3333,10.0,True,73.2097,73.2097,0.0,68.9006,74.2967,68.9436,74.2967,0.0
FIN,trade_pct_gdp,76.9252,84.6178,10.0,True,73.2097,73.2164,0.0067,68.9006,74.2967,68.2896,74.0898,0.0067
FIN,investment_freedom,85.0,93.5,10.0,True,73.2097,73.2096,-0.0001,68.9006,74.2967,68.8996,74.3075,0.0001
FIN,govt_integrity,94.2,103.62,10.0,True,73.2097,73.3359,0.1262,68.9006,74.2967,68.9006,74.4086,0.1262
FIN,judicial_effectiveness,97.6,107.36,10.0,True,73.2097,73.2097,0.0,68.9006,74.2967,68.9006,74.2967,0.0
FIN,property_rights,100.0,110.0,10.0,True,73.2097,73.2097,0.0,68.9006,74.2967,68.9006,74.2967,0.0
FIN,business_freedom,88.8,97.68,10.0,True,73.2097,73.3571,0.1474,68.9006,74.2967,68.9254,74.3085,0.1474
FIN,life_expectancy,81.7,89.87,10.0,True,73.2097,73.2051,-0.0046,68.9006,74.2967,68.8926,74.2229,0.0046
FIN,tertiary_enroll_pct,88.2,97.02,10.0,True,73.2097,73.1828,-0.0269,68.9006,74.2967,68.9291,74.2967,0.0269
FIN,physicians_per_1k,3.81,4.191,10.0,True,73.2097,73.2074,-0.0023,68.9006,74.2967,68.8767,74.2967,0.0023
FIN,infant_mortality,1.4,1.54,10.0,True,73.2097,73.2097,0.0,68.9006,74.2967,68.9006,74.2967,0.0
PRT,tourist_arrivals,14.2893,15.7182,10.0,True,70.9578,71.0114,0.0536,68.8061,72.8284,68.8849,72.8555,0.0536
PRT,unesco_total_sites,16.0,17.6,10.0,True,70.9578,70.9578,0.0,68.8061,72.8284,68.8061,72.8284,0.0
PRT,unesco_cultural_sites,15.0,16.5,10.0,True,70.9578,70.9578,0.0,68.8061,72.8284,68.8061,72.8284,0.0
PRT,internet_pct_sp,33.6,36.96,10.0,True,70.9578,70.9578,0.0,68.8061,72.8284,68.8458,72.8276,0.0
PRT,rnd_pct_gdp_sp,0.5459,0.6005,10.0,True,70.9578,70.9662,0.0084,68.8061,72.8284,68.8061,72.8284,0.0084
PRT,sci_journal_articles,9.8845,10.8729,10.0,True,70.9578,70.9355,-0.0223,68.8061,72.8284,68.808,72.8156,0.0223
PRT,ai_publications,5.8347,6.4181,10.0,True,70.9578,71.2005,0.2427,68.8061,72.8284,68.98,72.9597,0.2427
PRT,hightech_exports_pct,6.6885,7.3574,10.0,True,70.9578,70.9578,0.0,68.8061,72.8284,68.818,72.8284,0.0
PRT,fh_combined_score,66.6667,73.3333,10.0,True,70.9578,70.9578,0.0,68.8061,72.8284,68.9458,72.8284,0.0
PRT,trade_pct_gdp,76.9252,84.6178,10.0,True,70.9578,70.9542,-0.0036,68.8061,72.8284,68.3416,72.6198,0.0036
PRT,investment_freedom,70.0,77.0,10.0,True,70.9578,70.9578,0.0,68.8061,72.8284,68.801,72.8284,0.0
PRT,govt_integrity,65.5,72.05,10.0,True,70.9578,71.1825,0.2247,68.8061,72.8284,68.8062,72.8284,0.2247
PRT,judicial_effectiveness,90.6,99.66,10.0,True,70.9578,71.039,0.0812,68.8061,72.8284,68.8061,72.9026,0.0812
PRT,property_rights,89.4,98.34,10.0,True,70.9578,70.9109,-0.0469,68.8061,72.8284,68.8063,72.8278,0.0469
PRT,business_freedom,79.3,87.23,10.0,True,70.9578,70.9041,-0.0538,68.8061,72.8284,68.9319,72.8449,0.0538
PRT,life_expectancy,81.3,89.43,10.0,True,70.9578,70.9576,-0.0003,68.8061,72.8284,68.7848,73.4743,0.0003
PRT,tertiary_enroll_pct,63.9,70.29,10.0,True,70.9578,70.9578,0.0,68.8061,72.8284,68.8078,72.8284,0.0
PRT,physicians_per_1k,5.12,5.632,10.0,True,70.9578,70.9578,0.0,68.8061,72.8284,68.814,72.8382,0.0
PRT,infant_mortality,3.1,3.41,10.0,True,70.9578,70.9578,0.0,68.8061,72.8284,68.8061,72.8281,0.0
