iso3,raw_score,predicted_delta,predicted_next_score,forecast_year,ci_lower_95,ci_upper_95
SLE,21.749,4.214025246637835,25.963025246637837,2025,23.882016652664976,28.04403384061069
EST,62.359,2.8714955922162417,65.23049559221624,2025,63.71010234390612,66.75088884052637
LVA,55.865,2.850693138937622,58.71569313893762,2025,56.91284630663076,60.51853997124449
GEO,49.36,2.765553567589947,52.12555356758995,2025,49.96589654285143,54.28521059232847
PRY,37.463,2.7148616049233567,40.17786160492336,2025,38.75092701594859,41.604796193898125
MKD,50.622,2.6524953312370982,53.2744953312371,2025,51.03157701360524,55.51741364886896
GHA,41.303,2.607784756838861,43.91078475683886,2025,42.387105793776094,45.43446371990162
SYC,42.522,2.492525718449756,45.01452571844976,2025,43.16308083864241,46.8659705982571
NAM,39.094,2.4228937476885832,41.51689374768858,2025,40.070506393947376,42.96328110142979
COL,51.919,2.39451138027664,54.31351138027664,2025,52.71098096090432,55.91604179964895
MNE,46.548,2.3908134283592872,48.93881342835929,2025,45.467462483245065,52.41016437347351
URY,57.805,2.3815746568205256,60.186574656820525,2025,58.79899155683076,61.57415775681029
CRI,52.359,2.358045511208502,54.7170455112085,2025,53.42670627126037,56.00738475115664
FJI,39.182,2.308869623588734,41.490869623588736,2025,39.43782981479309,43.54390943238438
TGO,33.026,2.220899726210895,35.2468997262109,2025,33.23470895635958,37.25909049606221
LTU,60.827,2.151435479817984,62.97843547981798,2025,61.57163516453991,64.38523579509605
GUY,41.287,2.131915514229888,43.41891551422989,2025,42.09001130359643,44.74781972486335
SVN,60.856,2.122167273517455,62.97816727351746,2025,61.66146546554696,64.29486908148795
SVK,58.835,2.115720481336432,60.95072048133643,2025,59.54817743695176,62.35326352572111
ALB,44.922,2.1147290954099134,47.03672909540991,2025,45.18992670909686,48.88353148172296
JAM,43.119,2.051168561308984,45.17016856130898,2025,43.92031156151117,46.4200255611068
LSO,29.64,2.0116755242820474,31.651675524282048,2025,30.157862655050938,33.145488393513155
MUS,50.566,1.957996437459073,52.52399643745908,2025,51.349749280255374,53.69824359466278
CZE,67.073,1.9227129973763084,68.9957129973763,2025,67.80540734943835,70.18601864531425
HTI,16.883,1.8481530821996053,18.731153082199604,2025,17.227454956127907,20.2348512082713
LBR,27.971,1.8379997242185235,29.808999724218523,2025,27.972458235396758,31.645541213040293
CIV,30.177,1.8078034258011544,31.984803425801157,2025,29.555635474243655,34.41397137735865
MNG,44.248,1.7958951596049673,46.043895159604965,2025,44.96328998996167,47.12450032924826
BEL,69.963,1.791372162748658,71.75437216274865,2025,70.62418693514947,72.88455739034784
HRV,58.983,1.78673729400559,60.76973729400559,2025,59.06120463851045,62.47826994950072
AUT,69.633,1.7695138948348728,71.40251389483487,2025,70.4572876588407,72.34774013082904
LUX,62.269,1.7087649726642482,63.97776497266425,2025,62.9211033055412,65.0344266397873
PAN,44.222,1.615493839283559,45.83749383928356,2025,44.7675119130588,46.90747576550832
TUR,49.145,1.5916604574065687,50.73666045740657,2025,49.62917326840381,51.84414764640934
SEN,40.448,1.5411285777545487,41.98912857775455,2025,40.94622999293647,43.03202716257263
BRB,49.329,1.5170147548338733,50.846014754833874,2025,49.43291021273451,52.25911929693324
NER,27.507,1.5108098716014773,29.01780987160148,2025,27.957259993791688,30.07835974941127
GTM,34.16,1.4868954765137303,35.64689547651373,2025,34.577165904540955,36.7166250484865
GMB,31.278,1.47235002184555,32.75035002184555,2025,31.17032256404971,34.33037747964139
DOM,39.652,1.4704284227273234,41.122428422727324,2025,40.16130657875615,42.0835502666985
BGR,56.516,1.4448318816139007,57.9608318816139,2025,56.764628443528046,59.15703531969975
PNG,28.312,1.417372655377925,29.72937265537793,2025,27.843250670153697,31.615494640602154
ARG,51.108,1.4094157058017416,52.51741570580174,2025,51.23786968214813,53.79696172945535
NOR,71.823,1.392226709716951,73.21522670971694,2025,72.2497490503889,74.18070436904499
ISL,62.164,1.3576968574168615,63.52169685741686,2025,62.58619310080312,64.45720061403061
CHE,72.901,1.3565189329631837,74.25751893296318,2025,73.38255680167589,75.13248106425047
GIN,24.675,1.3403347931016754,26.01533479310168,2025,24.676847729172,27.353821857031352
ISR,67.462,1.3346249360168656,68.79662493601687,2025,67.9330614319375,69.66018844009623
POL,63.419,1.324768738622737,64.74376873862273,2025,63.68900615095539,65.79853132629007
PRT,69.995,1.3185613059537076,71.31356130595371,2025,70.39233668190766,72.23478592999976
HUN,56.777,1.3126421372585426,58.089642137258544,2025,57.1556505558348,59.02363371868229
MDG,30.053,1.306721621720829,31.35972162172083,2025,30.39376345640713,32.32567978703453
IRL,68.355,1.2922350236620872,69.64723502366209,2025,68.83621637328717,70.45825367403701
SLV,35.728,1.2644305530561866,36.99243055305619,2025,36.0767833388522,37.908077767260174
TTO,52.822,1.247417452714366,54.06941745271437,2025,53.03092173758076,55.107913167847975
VNM,44.136,1.2133172070366882,45.34931720703669,2025,42.908283230833405,47.79035118323998
MDA,46.449,1.194019983789218,47.643019983789216,2025,46.55955828500518,48.72648168257325
MRT,24.231,1.162114673215175,25.393114673215177,2025,24.303727230260243,26.48250211617011
DNK,73.053,1.1590019116003845,74.21200191160038,2025,73.44050141214913,74.98350241105163
SWE,74.067,1.1315516445097415,75.19855164450973,2025,74.30688725147506,76.09021603754441
PER,50.989,1.1005287771319845,52.08952877713198,2025,50.88825925530886,53.2907982989551
HND,35.346,1.099424976044908,36.4454249760449,2025,35.49444522110039,37.39640473098942
ROU,59.942,1.0396363797693908,60.98163637976939,2025,59.17358048156686,62.78969227797192
CHL,62.297,1.018332614878943,63.31533261487894,2025,62.49746930623908,64.1331959235188
MLI,25.069,1.0098954149675947,26.078895414967597,2025,24.829878356755124,27.327912473180064
FIN,71.219,0.9925303470192262,72.21153034701922,2025,71.55996138090498,72.86309931313346
MWI,33.642,0.9752509806930688,34.61725098069307,2025,33.8492725873134,35.38522937407274
YEM,17.734,0.9701123281375672,18.70411232813757,2025,17.038310913061473,20.369913743213665
BEN,32.658,0.9580274698648809,33.61602746986488,2025,32.548295144057775,34.68375979567199
BWA,44.951,0.9405787949388866,45.89157879493889,2025,45.17770993840045,46.60544765147733
NZL,67.407,0.9296597641885568,68.33665976418855,2025,67.81252284130662,68.86079668707049
SRB,52.792,0.8546056418384396,53.64660564183844,2025,49.7222293631644,57.57098192051248
ECU,46.436,0.8423687408396745,47.27836874083968,2025,45.86611884876122,48.69061863291813
CAN,73.777,0.8306566963984636,74.60765669639846,2025,74.06725607659925,75.14805731619768
NIC,29.084,0.8274006020732365,29.91140060207324,2025,28.85539832841713,30.967402875729334
MOZ,26.757,0.7946379939895429,27.551637993989544,2025,26.66293683340801,28.44033915457108
XKX,45.366,0.7900685172166817,46.15606851721668,2025,43.646964652560136,48.66517238187323
ARM,46.958,0.7784241334879098,47.73642413348791,2025,46.37980902081071,49.09303924616511
BOL,35.597,0.7555186947146311,36.35251869471463,2025,35.16671512552525,37.538322263904014
NGA,31.54,0.7266279586295852,32.266627958629584,2025,31.17453168535789,33.35872423190128
ZAF,48.846,0.6543873634442505,49.50038736344425,2025,48.90790548583001,50.09286924105849
TWN,83.875,0.6163477046266337,84.49134770462663,2025,82.88622020621189,86.09647520304138
BRA,60.188,0.6047147782917719,60.792714778291774,2025,60.06045541952726,61.52497413705629
ZMB,38.66,0.5910029276398703,39.25100292763987,2025,38.46997834138869,40.032027513891045
AUS,76.781,0.5813204552797657,77.36232045527977,2025,76.78585850872169,77.93878240183786
TUN,51.563,0.5724434678511727,52.135443467851175,2025,50.64866758000243,53.62221935569992
KEN,40.627,0.5720069511342913,41.19900695113429,2025,40.04114006454993,42.35687383771866
GBR,80.997,0.5663868848367031,81.5633868848367,2025,80.9182475430856,82.20852622658781
KOR,74.321,0.5383753387238102,74.85937533872381,2025,73.69446282534741,76.0242878521002
TCD,17.316,0.372028182761241,17.68802818276124,2025,16.613539684626446,18.762516680896034
KGZ,33.581,0.3701407111388093,33.95114071113881,2025,32.75458034723268,35.14770107504494
LBN,43.103,0.3684527107682527,43.471452710768254,2025,42.24930133231316,44.69360408922335
GAB,28.462,0.3525241275098132,28.814524127509813,2025,28.10476535163921,29.524282903380417
NLD,74.009,0.3356296870479553,74.34462968704796,2025,73.62566330681678,75.06359606727914
SOM,6.791,0.3067592555971838,7.097759255597184,2025,5.186857234216292,9.008661276978076
PHL,47.923,0.2571491885929831,48.180149188592985,2025,46.64850702646023,49.71179135072574
BFA,32.031,0.2433817404930707,32.27438174049307,2025,31.344778843673456,33.20398463731268
CAF,11.53,0.214500347673713,11.744500347673712,2025,10.174629080476883,13.314371614870542
BIH,45.17,0.1962887066971035,45.36628870669711,2025,43.550798210713786,47.18177920268042
JPN,79.277,0.1666660787936962,79.4436660787937,2025,78.46539063257825,80.42194152500915
ESP,81.899,0.1547740341018197,82.05377403410182,2025,81.28014880173318,82.82739926647047
COG,23.781,0.0832561023548521,23.86425610235485,2025,23.0456874019932,24.6828248027165
SSD,24.045,0.0373650562400129,24.08236505624001,2025,22.563950391751117,25.60077972072892
DEU,87.323,0.0334038979940061,87.356403897994,2025,86.54468383073798,88.16812396525002
GNQ,15.726,-0.0699001756752668,15.656099824324734,2025,14.599277939396222,16.712921709253244
USA,78.585,-0.0713262316776166,78.51367376832238,2025,78.17542916248291,78.85191837416184
UKR,47.912,-0.0752398482475555,47.83676015175244,2025,46.76575627700303,48.90776402650186
GRC,69.156,-0.139689429297249,69.01631057070276,2025,68.02458812803776,70.00803301336775
UGA,34.696,-0.1752914516427068,34.52070854835729,2025,33.88056807544799,35.16084902126659
TZA,36.966,-0.1801992494937181,36.78580075050628,2025,36.0408477363736,37.530753764638966
MEX,60.923,-0.1812361315302766,60.741763868469725,2025,60.27544670273591,61.20808103420354
SWZ,32.952,-0.2020312846785259,32.74996871532147,2025,31.848161273442063,33.65177615720088
SGP,68.124,-0.2396119443138928,67.8843880556861,2025,67.21744229783445,68.55133381353775
COD,21.488,-0.2712182029593712,21.21678179704063,2025,19.94364912229825,22.489914471783003
IDN,52.936,-0.2953206098504211,52.64067939014958,2025,50.75515230190861,54.52620647839055
BDI,25.866,-0.3120901240247349,25.553909875975265,2025,24.27408906950204,26.83373068244849
NPL,41.648,-0.3818907978878911,41.26610920211211,2025,39.686274899703726,42.8459435045205
ZWE,29.258,-0.3885267417156086,28.86947325828439,2025,27.5374025599709,30.20154395659788
KHM,35.206,-0.4217940823738288,34.784205917626174,2025,34.08559884801219,35.48281298724016
BHR,46.27,-0.4242971691613348,45.84570283083867,2025,45.006699157002494,46.68470650467484
AGO,26.459,-0.4313313155650036,26.027668684435,2025,24.84430182545791,27.21103554341208
MYS,59.413,-0.5247732163205399,58.88822678367946,2025,57.20152151435611,60.5749320530028
RWA,39.096,-0.5585169999290116,38.537483000070985,2025,35.940372648229086,41.13459335191288
LKA,49.086,-0.5878198263943659,48.49818017360563,2025,47.42679720126498,49.56956314594628
MMR,29.765,-0.6042225278718298,29.16077747212817,2025,27.051140586787888,31.270414357468454
ITA,84.109,-0.6377112890318557,83.47128871096814,2025,82.31540808806345,84.62716933387283
AFG,22.88,-0.6560132324282257,22.223986767571773,2025,21.13177238771603,23.31620114742752
OMN,49.456,-0.670773592738378,48.785226407261625,2025,47.65935715933326,49.91109565518999
PAK,40.768,-0.6752291540521114,40.09277084594789,2025,38.90038019270154,41.28516149919424
SDN,26.381,-0.6880044199299249,25.692995580070075,2025,24.66821412012357,26.71777704001658
JOR,51.489,-0.7111972131761917,50.777802786823806,2025,49.87404150153257,51.68156407211504
MAR,51.75,-0.7159423204516528,51.03405767954835,2025,50.01830456332533,52.04981079577136
DZA,46.728,-0.7787241840722032,45.9492758159278,2025,45.15109055664749,46.74746107520811
FRA,84.444,-0.8387118522858685,83.60528814771413,2025,82.72300402470964,84.48757227071863
KWT,54.527,-0.9028263606767268,53.62417363932328,2025,52.438217411849095,54.81012986679745
EGY,46.443,-0.9125478696286464,45.53045213037135,2025,44.57613555279971,46.48476870794299
BGD,43.719,-0.9144259491222612,42.80457405087774,2025,41.577349406844114,44.031798694911366
SYR,30.561,-1.0500543182109396,29.51094568178906,2025,28.33702843470312,30.684862928875
THA,53.124,-1.0604707982951993,52.0635292017048,2025,50.86033247565752,53.26672592775209
TJK,32.555,-1.069689934870819,31.48531006512918,2025,30.351718538834053,32.61890159142431
TKM,23.278,-1.0981919254692052,22.179808074530797,2025,21.075025618572244,23.284590530489343
QAT,51.283,-1.1815681398139048,50.101431860186096,2025,48.37508544557523,51.82777827479696
AZE,42.357,-1.2121195783882968,41.1448804216117,2025,39.585921693012,42.7038391502114
LBY,33.487,-1.3114598831467743,32.17554011685323,2025,30.73579522026116,33.615285013445295
LAO,30.612,-1.3153052071573867,29.29669479284261,2025,27.56304199771481,31.03034758797041
ERI,21.941,-1.3786560874507217,20.56234391254928,2025,19.45264508030368,21.67204274479488
BLR,42.662,-1.3935371348897618,41.26846286511024,2025,39.75261099228626,42.78431473793422
ETH,40.353,-1.5171243775242689,38.83587562247573,2025,37.74556780520735,39.92618343974412
IRQ,40.341,-1.5705430993758682,38.77045690062413,2025,36.53103992178016,41.00987387946811
CMR,32.679,-1.6122432264379682,31.066756773562037,2025,30.066749531384428,32.06676401573964
VEN,23.548,-1.741526523651526,21.806473476348472,2025,19.132917089270165,24.48002986342678
CUB,44.569,-1.9090066904568204,42.65999330954318,2025,41.30596051492343,44.01402610416294
PRK,26.974,-2.0708833985474837,24.90311660145252,2025,23.377323893648388,26.42890930925665
RUS,58.561,-2.184622627235427,56.37637737276457,2025,54.92309209029778,57.82966265523137
ARE,55.908,-2.294373018200069,53.61362698179993,2025,51.86202167337152,55.36523229022834
UZB,41.619,-2.369117146140681,39.24988285385932,2025,37.36291787783982,41.13684782987882
BHS,67.927,-2.490898386229816,65.43610161377019,2025,63.8204233915538,67.05177983598658
IND,67.988,-2.5931507969514342,65.39484920304857,2025,64.1065870336074,66.68311137248973
SAU,55.818,-2.6517432569512565,53.16625674304874,2025,51.40875286138029,54.92376062471719
KAZ,49.861,-2.740019947114078,47.12098005288592,2025,45.11519523967316,49.12676486609868
IRN,54.535,-3.379978529694057,51.15502147030594,2025,49.30214381552564,53.00789912508624
CHN,78.636,-5.329698320601025,73.30630167939897,2025,70.76112801021749,75.85147534858045
