xgboost_score,xgboost_ci_lower,xgboost_ci_upper,randomforest_score,randomforest_ci_lower,randomforest_ci_upper,lightgbm_score,lightgbm_ci_lower,lightgbm_ci_upper,ensemble_score,ensemble_ci_lower,ensemble_ci_upper,iso3,country_name,xgboost_rank,randomforest_rank,lightgbm_rank,ensemble_rank
10.6094,6.647896,17.007015,10.912029686852918,9.034230191722877,12.78982918198296,10.958450038883555,6.792882507879303,17.67104424036125,10.772319829200232,7.280726081394685,16.118725969721797,SOM,Somalia,195,195,195,195
12.464138,12.06914,17.432018,14.202865614601164,11.038007105230038,17.367724123972287,13.432265041717242,11.39340330147252,18.567669574821526,13.14085167958253,11.642422818808205,17.6998575647131,CAF,Central African Republic,194,194,194,194
15.724881,14.441708,18.827805,16.179200140927314,14.36178357160336,17.99661671025127,15.786241295336557,14.17732062082112,19.43964111817534,15.853800945156058,14.355629853648114,18.7729667398215,GNQ,Equatorial Guinea,193,193,193,193
17.522022,17.32368,19.36823,18.060021114123746,16.235222235926525,19.884819992320967,17.79422070443578,17.990096407239616,20.557611311930877,17.72457157829711,17.218170099634307,19.794723235914034,TCD,Chad,192,192,192,192
18.96307,17.553022,21.670746,18.955163255630254,16.147489131484615,21.762837379775892,18.608264205448176,17.604972835115515,22.01261943048357,18.87239182315535,17.214626683971808,21.77923712736955,ERI,Eritrea,191,191,191,191
19.988607,19.32371,23.6839,21.055312473361624,18.26308989197334,23.84753505474991,20.37364112600977,18.119423786421372,23.619727064137056,20.351542103150955,18.757483163556195,23.70876594628668,HTI,Haiti,190,189,189,190
20.578363,19.615253,23.580912,21.30996467041174,17.59829470091391,25.02163463990957,20.08893747103005,19.53959160071263,24.768080600138088,20.63890724465,19.0920982996498,24.237884628188183,YEM,Yemen,189,188,190,189
21.339117,20.38366,23.300764,20.98700087309662,18.789601458637854,23.184400287555384,21.49762237671033,20.241864479873314,23.430731597138127,21.29071433753718,19.949696166024275,23.30416501310453,TKM,Turkmenistan,187,190,188,188
21.019129,19.976917,23.807543,21.508215010327177,18.81969238795394,24.196737632700415,22.209032132477358,17.843699727413814,25.424444166427275,21.438876185420373,19.154306662264787,24.309066850233584,GNB,Guinea-Bissau,188,187,185,187
21.71594,20.137613,24.048525,21.530300043759432,19.430507571698,23.630092515820863,21.80547829703312,20.464197663282647,24.318137134436554,21.69191482293007,20.042482956999553,24.011319840848042,COD,"Congo, The Democratic Republic of the",186,186,186,186
22.164623,19.858044,23.13965,21.978272739984767,19.642476089531723,24.314069390437812,22.815599513568298,20.02359481868053,24.303853312719372,22.28077969363729,19.84553956238021,23.72430584821361,AFG,Afghanistan,184,185,184,185
21.888092,20.441479,24.961277,24.866597488916423,18.816346204844027,30.916848772988818,21.530578379543197,19.22173500737234,27.000435687969038,22.54333998762272,19.730259667678116,26.959959619267785,VEN,"Venezuela, Bolivarian Republic of",185,181,187,184
23.23809,21.134321,26.782478,22.737980860417764,20.57037666841369,24.905585052421838,24.6270540624792,21.983997573973035,26.907536515253568,23.4603039882926,21.20575416698096,26.344519558178614,PRK,"Korea, Democratic People's Republic of",183,184,182,183
23.86648,23.357992,25.5159,24.245942562803904,21.9691565749501,26.522728550657707,23.75714707446807,23.473353045959982,25.70947896020977,23.934012346146606,23.039623491348124,25.81600170681843,COG,Congo,182,182,183,182
25.092695,23.297018,26.08848,23.622887055337348,21.029580419681874,26.21619369099282,24.698379043168657,22.248822958488024,25.956237530724433,24.626664142729528,22.468109870116205,26.087347803293085,SSD,South Sudan,181,183,181,181
25.984783,23.918753,27.593765,25.29117354305732,23.180629032357643,27.401718053756994,26.344076372451294,24.624111043210565,27.016696105542767,25.901204065180867,23.910561354036094,27.40148616921947,SDN,Sudan,180,180,178,180
26.058392,24.903048,27.895594,26.20524183133734,23.34351621340804,29.066967449266638,26.25577356194271,25.680561986005657,28.196320562324,26.144449633842477,24.707543330676177,28.2636188244919,BDI,Burundi,179,178,179,179
26.142563,25.520409,27.462784,25.886070100544778,24.13646247320122,27.635677727888336,26.50231144043723,24.910319717180535,26.80112749806721,26.168376818350968,25.021899862780984,27.340593213227166,AGO,Angola,178,179,177,178
26.535189,24.966665,30.384808,27.05948860212956,24.84116968820245,29.27780751605667,26.57732674740953,24.170137635549448,29.248308066401794,26.67679817484815,24.736159464910145,29.823932688949576,MRT,Mauritania,177,177,176,177
26.91357,26.094784,29.613548,27.400699934768237,25.432245634699466,29.36915423483701,26.19434698832351,24.69460119054538,29.36292211651481,26.8555469327993,25.579103597790702,29.48979322724225,COM,Comoros,175,176,180,176
26.780617,26.02151,29.783134,27.649417942514024,25.276574370469824,30.022261514558224,27.211759613348054,26.1191545090999,29.813634741770375,27.105602769092467,25.85968680515854,29.850541294306755,GIN,Guinea,176,175,175,175
27.498701,25.956017,30.355587,28.005609528951858,25.584109976839557,30.42710908106416,27.579080195549157,25.79859543387108,31.010957973399314,27.64552297891578,25.82368462294133,30.537310266423482,MLI,Mali,174,174,174,174
28.445192,24.016287,32.286457,28.63614253484006,25.14164561383726,32.13063945584287,27.966000488486934,23.136673239523606,33.00788339691131,28.373131924349813,24.077723138328007,32.42785924407234,SLE,Sierra Leone,172,173,173,173
28.19114,27.877113,32.485203,29.172182847053396,26.792421238003215,31.551944456103577,28.048560598452415,27.56794054501249,32.11137435155339,28.400755471972154,27.528647116896504,32.15843109656756,NER,Niger,173,170,172,172
28.699656,28.017971,31.073555,29.128700186786343,26.938001899457056,31.31939847411563,28.40461619366402,27.90074181613964,33.50685921958661,28.733156861531043,27.718671448308353,31.743341919763445,GAB,Gabon,169,171,171,171
28.556896,26.635677,30.425734,28.744491394630433,26.727621695197538,30.76136109406333,29.38848434364761,27.02856558150393,31.209923916543175,28.81169203942791,26.75688548799861,30.705688035793717,ZWE,Zimbabwe,170,172,168,170
28.5324,27.356438,31.25114,29.581905626114512,25.867149655855357,33.29666159637367,29.035110595126287,26.771028099290405,31.735533555533983,28.920454120922994,26.837763280339175,31.883619085218122,MOZ,Mozambique,171,166,170,169
29.202671,27.326029,31.415144,29.551481122511262,26.8833225864516,32.21963965857092,29.539687371031853,27.340246065004855,30.782509340698155,29.374127648898472,27.218906574790388,31.458109233154673,LAO,Lao People's Democratic Republic,168,167,167,168
29.443192,29.460735,31.889587,30.861338155058565,28.51048509912156,33.21219121099557,29.057110095389593,29.112600603806065,32.52624515461358,29.701207826772194,29.136139086254367,32.37940279257416,NIC,Nicaragua,167,163,169,167
29.890509,27.12344,30.64152,29.44315877663586,26.976711003537275,31.90960654973444,29.776438408047404,27.681980725368483,31.21408517802599,29.750153622037516,27.226392826635625,31.101682705194506,MMR,Myanmar,166,169,166,166
30.345098,28.211214,32.245853,29.51262713848167,27.595997368603932,31.429256908359406,29.828041735876784,28.595491422415137,32.519724563162974,30.007716466331313,28.15347923053065,32.11017207991673,CMR,Cameroon,164,168,165,165
30.373764,29.42922,34.597942,30.960704628084077,28.946381461987027,32.97502779418112,30.293229291586506,29.788546968855623,33.226133970161115,30.500365498960612,29.39834220750314,33.84926161723302,DJI,Djibouti,163,162,164,164
31.443056,27.459488,31.697546,30.03572925158107,27.151695305621278,32.91976319754086,31.29579794056336,26.589293604030633,32.486167994613126,31.0544098513198,27.164991184932507,32.200255800663015,SYR,Syrian Arab Republic,162,165,162,163
32.241432,28.223242,32.587326,30.50930483382514,28.14893117201081,32.86967849563947,30.75765431422273,26.70039989858607,32.53567487286779,31.43745588198267,27.823953670664356,32.64500136702916,TJK,Tajikistan,159,164,163,162
30.14751,27.037151,53.353394,34.31346275265607,25.580501512554513,43.04642399275763,31.630292867462483,25.69648278862028,50.64476424564209,31.559694169311868,26.33782174362866,50.09949383694368,TUV,Tuvalu,165,149,160,161
31.645943,30.198132,34.132057,32.19565329987443,29.86631232570842,34.52499427404044,31.52946576677443,31.06293569942435,34.27519694507772,31.754251110656355,30.331377786922843,34.26607639975025,BFA,Burkina Faso,160,159,161,160
31.603666,28.028109,34.718803,31.847991921422405,28.887377931798316,34.8086059110465,32.564278748521104,28.207054060835667,35.36706872941826,31.904900820256877,28.287662296559375,34.90332036299705,PNG,Papua New Guinea,161,160,158,159
32.64778,30.19924,35.77528,33.02752063013195,29.927076690106695,36.12796457015721,31.63032938477738,29.320843950900777,34.81875635077279,32.48835318976249,29.91160002566935,35.62432022962215,CIV,Côte d'Ivoire,158,155,159,158
32.74455,28.4023,34.942757,31.824104151952938,27.175768307873504,36.47243999603237,33.91338553595779,27.8958434625446,34.63195692354011,32.80664682078139,27.969052883095245,35.247477556309136,LBY,Libya,157,161,149,157
33.128178,27.92731,36.09221,32.895081856013945,29.690645182290545,36.099518529737345,32.82744220366317,27.738197421955782,36.527214896847184,32.99471983633042,28.320866122863343,36.202787787798485,LBR,Liberia,155,157,157,156
33.09316,30.0875,35.12768,32.99323517068697,30.199636433790957,35.78683390758299,32.99361399058421,31.26015205277806,35.938471517123,33.04329165127971,30.408696930907396,35.495167222265366,SWZ,Eswatini,156,156,155,155
33.337093,31.488785,36.50531,33.410655974670114,30.96212205033001,35.85918989901022,33.1277975836416,31.552705816257788,36.006258570323226,33.30316006621367,31.37309936166648,36.219017146630236,GMB,Gambia,154,153,153,154
33.568695,30.29684,36.422604,33.37859481301834,30.69768795925455,36.059501666782126,33.05278681236282,30.223235036963437,35.725970455932035,33.39219294052498,30.378651082916804,36.15766983426741,MDG,Madagascar,153,154,154,153
33.706017,32.037766,35.6909,33.97781857832929,30.982913475908212,36.97272368075037,32.9280020894686,32.2440359585311,35.652308613731506,33.57946343721314,31.825620110074674,36.0017075212523,BEN,Benin,152,150,156,152
34.15752,31.684046,36.11841,32.78957432837841,30.42371735439723,35.15543130235959,33.481696939590705,32.237443707604854,35.67320384313433,33.64657796408701,31.507313161313512,35.76636288793598,NGA,Nigeria,151,158,152,151
34.22953,30.96575,35.134212,33.582831131799644,31.135318196067647,36.030344067531644,33.66891074947918,32.448310559960724,35.20598672348318,33.92770063755603,31.378782059307383,35.37618894470195,KHM,Cambodia,149,152,151,150
34.583527,32.148643,34.82057,33.64584404270679,31.692045270484115,35.59964281492947,34.64728027459075,33.63090366895757,34.6665269729101,34.365044384988444,32.405058981686594,34.976828396666924,UGA,Uganda,148,151,147,149
34.170444,32.05442,39.088947,35.33037272979533,32.53295809856392,38.12778736102674,33.789874449142175,32.69660482201392,37.40902779358119,34.365284038997075,32.334600965740165,38.42867743672328,KGZ,Kyrgyzstan,150,147,150,148
35.297005,32.84655,37.87875,35.1944979427334,32.55622440634251,37.83277147912429,34.00605145777033,33.38768015150004,37.7826064179328,34.948639699979445,32.909251133357124,37.84321939797033,TGO,Togo,146,148,148,147
34.76225,32.965126,39.240234,36.22442041654405,33.4979231231505,38.9509177099376,35.108780768668986,30.899032841878707,38.66896742322051,35.21442479276322,32.58180201005613,39.02508847078953,KNA,Saint Kitts and Nevis,147,143,146,146
35.838238,34.132515,39.605865,36.219000180935275,32.53371958200893,39.90428077986162,36.055525532577846,33.84795893058936,40.83409494540417,35.98775030960387,33.66167710495621,39.98752667057426,MWI,Malawi,145,145,143,145
36.170692,34.638054,38.665657,36.31895174308526,34.503114176068244,38.13478931010227,35.861126095255344,34.64117540120341,38.81220498498585,36.13036568150898,34.6050993413394,38.56957709550055,BOL,"Bolivia, Plurinational State of",144,142,144,144
36.216866,34.470192,37.442474,36.22205766249037,34.22104919716244,38.2230661278183,36.093769462058425,34.77753565984762,36.81384877428405,36.187389550912584,34.48474219203572,37.480465908142776,TZA,"Tanzania, United Republic of",143,144,142,143
36.873837,26.503538,39.952026,35.992050590022295,32.78374286160646,39.20035831843813,35.75887181597273,27.610375430464345,40.27453537231553,36.37464886016574,28.35029863887463,39.84473660628216,MHL,Marshall Islands,141,146,145,142
36.717686,34.269913,40.67513,36.562076312914705,33.463624692904475,39.660527932924936,36.70589448072872,33.875701488840576,44.261667895457244,36.6758355481423,33.96978790529954,41.31811342547933,AND,Andorra,142,140,140,141
37.154957,30.906792,39.432293,36.50630062514808,32.395787058423295,40.61681419187286,36.41385445331572,30.45324896873327,40.766590707795466,36.80751717842942,31.165654850295,40.061997694033295,LSO,Lesotho,140,141,141,140
37.665512,34.57485,39.81686,37.5288522791127,34.95103923362712,40.106665324598275,36.88785706045783,34.661322273562845,40.48411174293325,37.4369333773731,34.69051446432191,40.056124366370184,GTM,Guatemala,138,138,139,139
38.119293,35.758797,41.005222,38.36225419963992,35.71759636145341,41.00691203782643,37.84113058326721,35.852351731537695,40.97489444692589,38.1104928021721,35.77188536919505,40.9980627814664,HND,Honduras,136,137,137,138
37.756413,35.2139,39.861008,37.15964744025673,34.214614605275486,40.10468027523797,39.81249625454005,34.72369826420705,40.14515866668325,38.121242176750954,34.841528977258335,39.99296358069515,ETH,Ethiopia,137,139,131,137
38.492416,36.14465,42.164253,39.25721484910545,36.46028870660661,42.05414099160429,38.2098919444675,36.205964072625335,41.7196435370261,38.61298488931121,36.2388879476156,42.02557274958924,SLV,El Salvador,135,133,136,136
38.736954,36.82116,41.373352,39.82012636582392,37.17793440984646,42.462318321801376,38.330706258679804,37.3309496547241,42.24474040876386,38.90618502380171,37.037800697539126,41.86344070803193,ZMB,Zambia,133,131,135,135
38.73479,36.733295,41.704113,39.23169719146602,35.562336761073375,42.90105762185866,39.23316555484269,35.96108870192674,43.252801971446175,38.983611087578154,36.24750408608695,42.39052140162211,SLB,Solomon Islands,134,134,133,134
39.087063,36.34881,40.029175,39.36537470413563,36.10654249401231,42.624206914258956,39.233083053319135,36.72347547071663,41.72194797932272,39.19314585721037,36.381908635469344,41.10112612573917,RWA,Rwanda,132,132,134,133
37.174206,33.59151,68.897026,45.41829820704461,34.37989516142774,56.456701252661475,37.33879312060976,33.72194133371959,69.00024617977246,39.27637572192825,33.82121451013938,65.81274988911434,NRU,Nauru,139,105,138,132
39.292458,38.16918,43.3454,40.10629644859026,37.6634454990814,42.549147398099116,39.49460568596062,37.11217205921026,43.28347883349827,39.546454323920926,37.77849530143815,43.13085743985736,SUR,Suriname,131,129,132,131
39.841125,35.636196,41.354958,38.87000687946095,36.43220711353686,41.30780664538504,40.25901913136288,36.70101099693371,41.57296862480514,39.70281924684659,36.10140259585495,41.39767260783075,IRQ,Iraq,130,135,129,130
40.338646,36.575134,41.77369,38.49035591142487,35.43136010887796,41.54935171397178,40.40536348657985,35.43935704592637,41.51900830582209,39.89325281703048,36.00524642737295,41.65393463995824,UZB,Uzbekistan,129,136,128,129
40.421978,38.50895,43.020584,40.33395860149828,37.62900758154119,43.038909621455375,40.738315865180766,35.30225969346143,42.61577332839613,40.47905761508285,37.487291458643234,42.923962790685536,TLS,Timor-Leste,128,126,123,128
40.85083,39.18415,41.272232,40.17245943688052,38.09535855193647,42.249560321824575,40.75656789616431,38.30851899823083,41.182522671628696,40.65767187232371,38.693044735442214,41.49413677619535,PAK,Pakistan,127,128,122,127
41.512424,29.859657,43.69235,39.968978179876046,34.805972347202875,45.13198401254922,40.55663940473837,28.57012209482743,43.41469545736119,40.887616630650676,30.7738522543064,43.98284410758991,PLW,Palau,124,130,125,126
40.95174,38.74775,45.323437,41.255328025836675,36.53899046735365,45.9716655843197,41.124699682495674,35.62976624330847,50.251654809551766,41.07087705952938,37.416063841972175,46.71754846699814,KIR,Kiribati,126,125,118,125
41.16841,37.547718,44.227642,41.34003112650363,37.318673612090585,45.36138864091668,40.71257518240275,36.014584003314766,44.00750800171985,41.097357204668,37.107173427899184,44.45604519032222,CUB,Cuba,125,123,124,124
41.948402,31.526411,45.671093,40.19265312010126,35.58091087272528,44.80439536747724,40.51552324279001,30.113026757926406,46.91365623577999,41.151245293115394,32.186689935922196,45.76505939434458,ATG,Antigua and Barbuda,121,127,126,123
42.02012,36.85552,46.461613,41.403925258345986,37.27930590236616,45.52854461432581,39.939254377622746,35.95067954510588,47.11911680336573,41.34585426568163,36.73525553240023,46.39272170513089,BLZ,Belize,120,122,130,122
41.86912,39.34548,43.396595,41.255685440337835,38.61953782032315,43.89183306035252,40.84266782429573,39.54651065117889,44.479303343239884,41.45914909191522,39.21425305415481,43.791081601508445,KEN,Kenya,122,124,120,121
41.598083,39.66901,43.108673,41.590674364589965,39.39953155884767,43.78181717033226,41.570966852765466,39.86167575271527,42.74187023065235,41.58945205238574,39.64980690906749,43.185258398097716,NPL,Nepal,123,121,116,120
42.228107,39.509716,44.101048,41.763413875183815,39.05169387541767,44.47513387494996,41.29739188336209,38.31308505223371,44.4993965080185,41.87925516583277,39.096052748880616,44.294156353676684,VUT,Vanuatu,119,120,117,119
42.294186,38.692383,43.372063,41.893186934642905,37.70553980946127,46.08083405982454,42.32083417248812,37.572283372914356,43.808170104249214,42.200598095996625,38.16564720184391,44.15828238257117,AZE,Azerbaijan,118,119,111,118
42.911316,39.30541,45.9563,42.2305187810243,39.049247644001696,45.41178991804691,40.897561410789564,39.05201489826126,46.031382505985746,42.23767800693785,39.17801987445735,45.83894252007066,FJI,Fiji,114,118,119,117
42.515465,37.915554,44.010056,42.27768148777642,37.85357578685982,46.70178718869302,42.515614894737794,36.447730479018546,44.704626326688,42.45605648698597,37.533103589785014,44.85663114984135,BLR,Belarus,117,117,109,116
42.76526,39.894554,45.93969,42.324731939456136,38.92143648838708,45.72802739052519,42.19372369073209,40.17249376027417,46.73272218826171,42.51224330207831,39.72075963125711,46.08503221281196,DOM,Dominican Republic,115,115,112,115
42.613293,38.319935,45.903687,42.27947200536269,38.71010245366321,45.84884155706217,42.6100128921586,37.895294968194335,46.15137032053642,42.52901757142622,38.31131677794974,45.951896231118404,PRY,Paraguay,116,116,108,114
43.033455,41.17934,45.85018,43.28783221167401,40.13189984438285,46.443764578965165,40.79619918872026,41.407466652136875,45.560406185086144,42.537735297608336,40.97451180540435,45.92613348080775,SEN,Senegal,113,113,121,113
43.530067,40.26445,43.72721,42.327660361345735,39.91057523406512,44.74474548862635,43.55575212316398,40.962371687031016,43.46888563753741,43.23588684305126,40.35046176689513,43.91701328080852,BGD,Bangladesh,111,114,105,112
43.24898,41.00203,45.83896,43.737544082340904,41.20328706866137,46.27180109602044,43.024294840607546,43.11708591453054,45.58377407468811,43.31495046865216,41.58110795527064,45.88337316279433,LBN,Lebanon,112,111,106,111
44.211437,41.43432,48.69952,45.1823596521271,41.43899213465744,48.925727169596755,40.45846741203794,40.62552826728787,53.06803761509414,43.51592537871216,41.23328937172656,49.84820125171472,DMA,Dominica,110,106,127,110
44.82392,40.676765,48.505127,44.435755325245005,40.80538608102632,48.06612456946369,41.883529747997905,39.978865044852014,47.360141657010615,43.991781870117364,40.534445502416844,48.109130033181074,NAM,Namibia,107,109,115,109
44.372597,40.724014,46.36894,43.346883424857346,40.04288193429489,46.6508849154198,44.59531933988091,40.07222882103895,46.81527462707846,44.171849061545885,40.39078482994674,46.55100910864702,DZA,Algeria,108,112,101,108
44.335648,40.17498,50.385033,44.04012153318983,39.53367601683186,48.546567049547804,44.050305495263615,38.667628257552764,53.30154689114704,44.19043054861727,39.637816150383266,50.65454481207801,FSM,"Micronesia, Federated States of",109,110,103,107
45.22355,42.90696,48.820564,45.01703708538808,41.40678883987665,48.62728533089952,42.135949790427475,42.08420839463156,49.36454802769872,44.400021163533964,42.32622907547275,48.90824047465932,GHA,Ghana,104,107,113,106
44.96563,41.1614,50.940212,45.87466114464895,41.51200658524798,50.23731570404991,42.10780931443045,39.966785563491186,53.24868799835808,44.47843240358821,40.95039795783909,51.34160705047992,CPV,Cabo Verde,106,101,114,105
45.228752,42.02831,49.113445,45.55540816253218,41.86628149720969,49.24453482785467,42.47772920181901,40.91634307687093,48.382761421057396,44.622660409203036,41.709810577724255,48.96354670321924,GUY,Guyana,103,103,110,104
45.51344,42.94427,46.450615,44.93350528361059,41.92674360685241,47.940266960368774,45.46743396795366,42.32706481310178,47.82196143113348,45.356954402124465,42.53558764881179,47.16586456247517,EGY,Egypt,101,108,96,103
45.02615,43.848473,49.027084,46.786032886437475,44.326621990260136,49.245443782614814,44.625764274417996,39.714236211865845,49.3530476821535,45.366024165091794,42.934450848138916,49.163165041485044,GRD,Grenada,105,97,100,102
45.50376,44.263252,50.129475,46.87088791593345,43.41323089623731,50.328544935629594,44.32611085330697,43.66732540513267,51.564791632860654,45.55113033806206,43.90176520449289,50.53807146206885,BWA,Botswana,102,96,102,101
45.699253,44.927593,47.887848,46.211075397932724,44.253889247701096,48.16826154816435,44.89060162064651,45.27834474083239,47.724861574367395,45.62504579578251,44.846855112733955,47.91720473082825,BIH,Bosnia and Herzegovina,99,99,98,100
46.662235,43.629993,50.717583,46.604660200334074,42.894894881103625,50.31442551956452,42.62990967195392,43.28196850153282,52.73902203422046,45.639760098076884,43.35921256501946,51.12215323976461,SYC,Seychelles,92,98,107,99
45.945847,43.178032,47.297672,45.470397000947706,42.78341355606783,48.157380445827584,45.82227099718536,44.25414368349354,46.962327632616415,45.796090278341865,43.348405270583704,47.42876315547526,MDV,Maldives,97,104,94,98
46.38341,43.883556,49.506462,47.922579494438885,45.0583617259437,50.78679726293407,43.70519097661803,43.764996515540915,52.195037683630275,46.09864832149958,44.147617743354544,50.49868978522507,LCA,Saint Lucia,93,92,104,97
46.127888,43.97658,47.489155,46.099407957338144,42.67343501331429,49.525380901362,46.12710918542757,44.35777737817326,48.73451578655194,46.12057314860647,43.74609388461506,48.30955157981539,BHR,Bahrain,95,100,90,96
45.993492,44.78532,50.695843,47.10241186980045,43.40640143328166,50.79842230631924,45.74605646087919,45.176985568560575,50.95315304176075,46.20886314590233,44.53850689145177,50.78581520847995,XKX,Kosovo,96,95,95,95
45.882034,44.0119,49.196835,45.74053194930751,43.32978926170945,48.15127463690557,47.52392898438502,44.63059906460495,48.51936072459618,46.25713238430204,43.99604800931298,48.76607612247993,VNM,Viet Nam,98,102,84,94
46.145878,45.34154,50.50006,48.28104113088321,45.26975073647877,51.29233152528765,44.88840066990864,45.773534924302595,50.33112165089268,46.365299369265344,45.431592060336946,50.6558938116232,ALB,Albania,94,89,99,93
45.65458,45.361042,52.31615,48.591298807441014,44.658333497677816,52.52426411720421,46.00584850633312,44.73112631769966,52.460346906557255,46.476576409742364,45.0278859651969,52.40422808858197,MNG,Mongolia,100,84,93,92
47.272354,42.19417,52.021755,47.1482456045497,42.24611070107277,52.05038050802663,46.07407932741253,40.13391712907757,52.391732913943905,46.94175829597885,41.69209291029638,52.12140596474557,STP,Sao Tome and Principe,86,94,92,91
46.862263,46.023277,50.146587,48.34019258377159,45.62877245175639,51.05161271578679,46.584407997186815,46.13728504561148,50.43208168131619,47.16228150815464,45.953153015699385,50.444217285188834,ECU,Ecuador,89,88,86,90
46.768673,45.390034,52.56476,49.1945513685326,46.19559048373146,52.19351225333374,46.112626575406566,45.00358296570692,52.93840555763627,47.21113095754241,45.49481022332151,52.565358603133134,PAN,Panama,91,82,91,89
46.85631,44.394665,53.315147,50.321652583182235,44.45214389875952,56.19116126760495,45.17753760614433,44.21470308163117,53.70639355201414,47.30295344637949,44.36404412729983,54.13196240485595,JAM,Jamaica,90,75,97,88
47.362926,46.663425,50.755863,48.393114677159545,45.911226046508524,50.875003307810566,46.5722255056449,46.616166664931065,49.45495513330467,47.422798287278255,46.463560900638214,50.460421205127446,ARM,Armenia,85,87,87,87
46.898773,46.651787,53.605404,49.591991494836314,46.389071342647604,52.794911647025025,46.388932723105825,46.18488051066784,51.03909224091002,47.44461765116522,46.46938136542846,52.761202922056995,MDA,"Moldova, Republic of",88,80,88,86
47.532413,45.44353,49.61109,47.31738589333324,44.72671602904546,49.908055757621014,47.88264014991461,45.13879116134015,49.67603456447319,47.56621325214497,45.18814231578488,49.701568387408315,KAZ,Kazakhstan,84,93,80,85
46.905426,45.007515,53.73278,48.56574151365394,44.647391047439854,52.484091979868026,48.38298936093322,43.14123541185061,53.93647821604974,47.689895731342105,44.45091409162926,53.47153277725093,IRN,"Iran, Islamic Republic of",87,85,78,84
48.243843,46.508533,49.395393,47.934160613623774,45.16331135138495,50.7050098758626,47.564785007824746,44.813423449350324,49.14181672595727,47.99665794466877,45.74845043907542,49.65940333624599,PHL,Philippines,80,91,83,83
48.415405,46.016754,49.353924,48.032427796454094,45.65471842634458,50.41013716656361,47.66153578144647,46.096641096826424,49.09753801132225,48.131193531193894,45.94621695598806,49.553880693275175,LKA,Sri Lanka,79,90,81,82
48.103783,46.106834,51.561607,48.41774540138804,46.097066587747925,50.738424215028154,48.068779811904015,46.141861911399985,49.95014496980611,48.17352263022731,46.11314933059752,50.952945976628484,UKR,Ukraine,81,86,79,81
47.886856,47.90401,51.717674,50.06344913799056,45.91997732824707,54.20692094773405,47.20233520538914,47.605979125811366,53.074111557469486,48.259874125395704,47.33349449986714,52.679095253986425,MNE,Montenegro,82,78,85,80
49.1952,44.27154,56.762173,50.070790622043596,45.62082259553739,54.5207586485498,46.241373760089964,44.26475421019907,57.255012716155925,48.67564203242304,44.60716499916361,56.32502919066374,TON,Tonga,77,77,89,79
49.574905,47.436337,50.822105,48.944261022460346,46.15760668387898,51.73091536104171,49.28342884910569,47.34294659108441,52.11098005205345,49.34437516564542,47.093306577407844,51.371526557131205,OMN,Oman,75,83,77,78
49.06094,41.66212,58.360573,52.09988374307409,47.5381153366477,56.661652149500476,47.57445140990187,39.06400712038939,63.051069282590156,49.44905368265317,42.481591023805166,59.10846676549336,SMR,San Marino,78,67,82,77
49.217037,48.794914,52.686077,50.94423863579954,48.756231894588666,53.13224537701042,49.33740577919894,48.78096728328077,52.27220243327984,49.67892970421349,48.781756917270094,52.69415051153252,ZAF,South Africa,76,74,76,76
47.686607,47.96643,56.998585,53.119154879821366,48.636351153276344,57.60195860636639,50.614004662368465,46.971677110239526,58.41150509137136,49.77659356596739,47.885222397910226,57.50265829809167,VCT,Saint Vincent and the Grenadines,83,60,72,75
49.612114,49.082806,54.083767,51.87177646909656,48.28300049365972,55.4605524445334,49.44940485157991,48.99832980671923,55.10079287306114,50.136352306487474,48.86173539186719,54.682219798026566,TUR,Türkiye,74,70,75,74
50.08702,46.573692,51.63136,49.47383332553383,46.184833025603574,52.76283362546409,50.90364880146,45.31314015218308,51.990951750099555,50.13788096876018,46.16133945533533,52.00412589406181,BTN,Bhutan,71,81,70,73
50.0169,50.137367,54.78987,52.04911310365985,48.943099300605496,55.1551269067142,49.82628802093352,49.67389263568097,54.57087556657565,50.47729983559171,49.722931608339195,54.826436226232616,GEO,Georgia,72,68,73,72
49.773384,50.196583,58.08703,53.41254299068063,49.84045520081576,56.984630780545494,49.50900762245089,49.280537879322985,60.312262713361285,50.617079700402016,49.87853966712942,58.36773762518568,BRB,Barbados,73,58,74,71
50.831932,47.99265,51.460953,49.9848263114949,47.718935445080234,52.250717177909564,50.93468464308584,47.70020105258483,51.54806711950383,50.645843772580726,47.85110866360084,51.68017245374788,JOR,Jordan,69,79,67,70
51.36719,47.853844,51.315292,50.20499889848243,48.145151356702634,52.264846440262225,51.03947568291269,48.69642783025989,53.077119923905016,50.99471430269741,48.13731664122305,51.99313777024102,QAT,Qatar,64,76,66,69
50.933605,47.542877,56.211876,52.02131739355016,48.24478133117696,55.79785345592337,50.925424619944756,49.520827020098835,58.608262568096286,51.20348810041963,48.21284068645176,56.70746696376858,WSM,Samoa,68,69,69,68
51.097157,50.40284,54.502888,52.32114191490426,49.84868588772063,54.79359794208789,50.9322467956631,50.81830383241205,55.578193030316676,51.36192543997094,50.368167260355435,54.84439160601618,PER,Peru,66,64,68,67
50.786907,51.453617,55.55821,53.26411912422145,49.62711576831193,56.90112248013097,50.85870451632903,50.58013023537083,57.22578675626921,51.42415950816008,50.77862004889432,56.31083154188813,MKD,North Macedonia,70,59,71,66
51.63029,48.244255,52.716885,51.279437521236204,48.697774318886125,53.86110072358628,51.170318754014815,48.951191737359146,53.40695374257429,51.42758456136646,48.5343690470203,53.17545592305869,THA,Thailand,63,71,65,65
51.169865,47.280228,55.11225,51.22721508785678,47.69262639025742,54.76180378545613,52.49872781665327,47.337379800009636,55.831557642696254,51.51641805339801,47.39761537813317,55.204465997907235,SAU,Saudi Arabia,65,72,59,64
50.947796,51.07708,57.180984,53.810003190985334,49.80015515721139,57.819851224759276,51.987723994967034,50.348432657211944,59.80229973814309,51.92332973044806,50.57568684008045,57.996029989260755,MUS,Mauritius,67,56,63,63
51.64464,50.502586,53.425903,52.13273274003999,49.56865757686065,54.69680790321933,52.46537010959473,51.16512328313847,52.95204009545803,51.971846650519026,50.434738397372826,53.62516365982559,TUN,Tunisia,62,66,61,62
52.32755,49.350067,52.96826,51.21390387764489,48.647124462362484,53.78068329292729,52.481088262903455,48.67736990805278,52.89011245586067,52.08752252549353,49.006157161939754,53.15182979657199,MAR,Morocco,57,73,60,61
51.705875,52.141556,56.886932,53.90564476446804,49.79852398060812,58.01276554832797,51.77244273508841,51.29740095476405,56.89210765920611,52.27245957325337,51.34475912690945,57.169684488406965,ARG,Argentina,61,55,64,60
52.027042,49.782536,54.29804,52.2433690340893,49.988356282577094,54.4983817856015,54.05015653400777,49.604270150068814,54.296465296311816,52.58690258648227,49.78942438465073,54.34773101181134,KWT,Kuwait,60,65,54,59
52.588234,51.521297,54.58407,52.9159966351983,50.42491553397084,55.407077736425755,52.41342943691681,52.167763562758964,55.41715238215951,52.62647349190573,51.40881850159944,54.99809167881624,SRB,Serbia,56,62,62,58
52.660374,49.646305,53.93711,52.456192138367456,50.0982611627446,54.81412311399031,52.961215517420435,50.11500994722455,53.914896931770016,52.68453875781904,49.87647031960654,54.15081046187954,IDN,Indonesia,55,63,57,57
52.158432,52.343555,57.187176,53.585840186690575,50.109259680979356,57.062420692401794,53.066863412807585,50.66741046143043,56.768046062851795,52.74239190329251,51.36594526082217,57.051204564179606,TTO,Trinidad and Tobago,59,57,56,56
52.269657,52.75761,56.42313,54.327467490373614,50.46752017406016,58.187414806687066,52.871539104512266,52.39577026796482,55.56911536562468,52.93458021622636,52.094627771028705,56.65069756077813,COL,Colombia,58,52,58,55
52.74066,49.149925,55.495922,53.05257682297215,49.24444566401914,56.86070798192516,54.64610213147817,49.3279373845252,55.65744708865513,53.295000549159454,49.21805837810288,55.877499811956596,ARE,United Arab Emirates,54,61,52,54
52.9893,48.90687,58.121998,54.019300540042444,50.738525240085124,57.300075839999764,53.74713955241889,48.43968008448978,57.956689707720635,53.4362599102003,49.24798722897087,57.875190303556074,RUS,Russian Federation,53,54,55,53
53.585693,51.27662,57.608837,54.150580793258776,50.729394852869106,57.571766733648445,55.671235715382224,51.58694876877763,57.44728844740041,54.24830080684775,51.21739538417145,57.55918235910499,BRN,Brunei Darussalam,51,53,51,52
53.56501,53.05877,60.247303,57.33941153791228,53.36977039184337,61.309052683981186,54.37025241381371,53.24561252837814,60.73818609478499,54.70992102333189,53.18323034309248,60.635461199208144,CRI,Costa Rica,52,51,53,51
55.550884,53.09357,66.8933,59.564241092934594,52.29086633893989,66.8376158469293,58.54810926127551,51.10670012495453,67.08526444384349,57.30352971196561,52.39617697058787,66.92737153143344,BHS,Bahamas,50,49,46,50
56.562134,56.51605,62.417362,59.77176711044992,56.29438720316834,63.2491470177315,56.52666032579187,56.399333802103214,65.91917286601779,57.35567375359171,56.43145446701614,63.50076107750471,MLT,Malta,48,47,49,49
56.21907,56.869778,63.549522,60.68704987684744,57.00897771310793,64.36512204058695,57.063835731810855,56.05054323106371,64.24766018577225,57.547256619449726,56.69976907576458,63.927956756540965,LVA,Latvia,49,43,48,48
57.458622,56.689007,60.814007,59.16439475187525,56.55367116335257,61.77511834039793,56.51352023330391,56.74857589203384,59.88063554399871,57.64878973567467,56.67006516655656,60.82094187380912,BGR,Bulgaria,45,50,50,47
57.11859,57.281494,60.715088,59.635584257075706,56.159773103107085,63.11139541104433,57.1019848458664,56.695990043094774,63.53855298176679,57.74368793003241,56.85468785686297,62.02003104351528,HUN,Hungary,46,48,47,46
58.342987,56.13116,63.631687,60.50060380112461,54.65794408319616,66.34326351905307,59.779736749962865,57.13706263634354,59.07048225315124,59.241578668045314,56.01433204792693,63.1692800252044,MYS,Malaysia,44,46,41,45
58.69421,58.51828,63.862328,61.000690666218844,57.812038388098614,64.18934294433907,59.105845396898815,57.90812080229984,65.88591605714579,59.37373904202454,58.18917981224806,64.44997853821302,URY,Uruguay,43,41,45,44
56.877575,54.041122,72.79755,64.9106926906986,55.08514274612884,74.73624263526835,59.398641761262546,48.86286847231465,78.89791908580666,59.51612107331744,53.00756402287261,74.80731362362815,MCO,Monaco,47,36,43,43
59.159615,59.20393,63.595596,60.91093653859509,57.77664989887209,64.0452231783181,59.46535311893177,59.080511821500714,62.526728375703016,59.673879695875854,58.816255380654724,63.44078604524356,HRV,Croatia,42,42,42,42
60.338535,58.011063,60.864853,60.5639839910186,57.27226653667072,63.855701445366485,59.350599693629576,56.92949788358257,60.924892772853596,60.147913575580986,57.55597241609848,61.62757500719174,MEX,Mexico,38,45,44,41
59.67002,59.340126,64.62939,61.53391822712638,57.95114644304349,65.11669001120926,59.8786136477189,58.83640400812389,65.04579499643266,60.188143497275775,58.86695063159067,64.85531470283821,SVK,Slovakia,40,39,40,40
60.28394,58.959435,62.471897,60.627892943228666,58.1402272990499,63.115558587407435,59.94593637036192,58.62008599061466,62.1701864176712,60.285427009183785,58.66979557705482,62.55738481389174,ROU,Romania,39,44,39,39
60.341347,59.41955,62.153423,61.444773110646445,58.233896744833984,64.6556494764589,60.34328057911267,58.45892322120576,61.991546616255825,60.6176867928011,58.88298091619255,62.73851067784177,BRA,Brazil,37,40,38,38
59.600693,59.494755,65.38975,63.66532869931786,59.8448377693989,67.48581962923683,60.38538450764644,58.88748779456513,66.96361459693799,60.813024676252795,59.43045878662089,66.30723236635816,CYP,Cyprus,41,37,37,37
60.743484,60.845436,65.0736,63.45192769488555,60.385480788331186,66.51837460143992,61.38559580475684,60.63967125628897,65.92850977023181,61.58112312344576,60.679006059250746,65.64852147743942,LTU,Lithuania,36,38,36,36
62.113712,61.220997,66.86395,65.40941595712843,62.10745993595053,68.71137197830633,61.50076027332732,60.82994940668729,67.70805499169938,62.78440021300945,61.344850764004185,67.5368330608608,SVN,Slovenia,35,34,35,35
63.00713,60.989433,66.06844,64.98633732467397,62.54661981801019,67.42605483133774,62.64034372144125,62.13197349434798,67.59407926779744,63.41023509612353,61.66436497237665,66.78925517395372,CHL,Chile,34,35,34,34
63.07486,60.818466,67.07056,65.81442395476928,61.521428253166896,70.10741965637166,64.85299769693113,58.69055355483034,67.85303991894938,64.20428522249541,60.46222854526102,68.02539321414275,IND,India,33,32,30,33
64.24796,62.876755,67.19204,65.45179604771354,62.60150596688021,68.30208612854688,63.85174561107416,63.73593146326283,65.66571669494857,64.44986689052699,63.022736737906854,67.08797045074691,POL,Poland,29,33,31,32
63.799656,63.192837,67.90248,66.64680547438054,63.17388401623917,70.11972693252191,63.616472281075325,62.23851555179485,69.41002440800517,64.46564739601729,62.94951827274581,68.83367837468256,EST,Estonia,32,31,32,31
63.8157,63.03356,68.07187,66.85167996040202,63.90328175192424,69.8000781688798,63.517967749559084,62.11139838621819,69.31372601650341,64.5002621929932,63.02045088780709,68.81438549458798,ISL,Iceland,31,30,33,30
63.915966,63.144817,67.95045,67.27901184040417,63.21207654751673,71.3459471332916,64.96228829864664,62.07818220582012,70.44957484403768,65.01830805173047,62.894973364481665,69.42410403559208,LUX,Luxembourg,30,29,29,29
65.51703,61.3425,77.21307,68.46169690529257,62.57945742509821,74.34393638548693,67.58282362527139,60.06482948773132,77.43352543845344,66.76964453693785,61.332321117855805,76.55090232121945,CHN,China,28,27,28,28
68.1636,64.57316,68.72705,68.35084896115796,66.11178505408866,70.58991286822727,67.88928181112232,67.1792901357523,70.54309879230595,68.14183124653687,65.60934792954032,69.6467783057583,SGP,Singapore,24,28,27,27
67.87841,67.08507,69.89499,69.73775741109074,67.52015542043087,71.95535940175061,68.36985313783234,67.257992910574,71.8813649768308,68.4661078069085,67.23707095726294,70.9066756014813,NZL,New Zealand,27,24,24,26
68.118385,66.294365,70.00067,69.11419167064369,66.81773315862243,71.41065018266495,69.2055921865903,67.00235557145051,70.38114696705023,68.6391386217792,66.60220464711784,70.44828498078817,GRC,Greece,25,25,22,25
68.09926,64.95421,70.21161,68.59448728186901,64.71157908745097,72.47739547628704,69.83937170637616,66.34428815016636,73.48873874261163,68.65809395848706,65.24107099641606,71.59733799808404,LIE,Liechtenstein,26,26,21,24
68.739555,67.215294,70.78723,69.8583252258528,66.88393279973671,72.83271765196888,68.03265414213153,67.34336878882958,71.77406400962218,68.84252252143945,67.16447233928025,71.54531113805402,CZE,Czechia,23,23,25,23
68.84512,67.103035,71.514114,70.85168759077946,68.47196690116778,73.23140828039115,67.89603572468984,68.27352783333181,72.24962719808698,69.10949247437514,67.73789117019716,72.12731605956094,IRL,Ireland,22,21,26,22
69.2083,68.11162,71.20924,70.79794833601788,67.97847270518075,73.61742396685501,68.43989050513372,68.12480182728632,72.10189196175737,69.413608575034,68.08162765411286,72.03445086936013,ISR,Israel,21,22,23,21
70.949524,69.00002,72.52385,72.03055131997847,69.47807429692043,74.58302834303652,70.53503712815282,69.87267446010634,73.0959121685258,71.11615907492344,69.33769863334848,73.18165987154292,PRT,Portugal,20,20,20,20
71.14609,70.561455,72.53795,73.59536832777229,70.86612150591561,76.32461514962897,71.29522200851575,70.26292850790836,74.16878010424239,71.7956914073142,70.5629898899306,73.89232311766706,AUT,Austria,19,18,19,19
71.40397,70.86906,73.34474,73.8535633718232,70.70908357077212,76.99804317287428,72.04062588842741,70.42700636388454,75.0237359224274,72.17553172058024,70.71855083449424,74.67781568446996,BEL,Belgium,18,17,18,18
72.04947,70.56018,73.14205,73.40057200363142,71.34842554456377,75.45271846269908,72.40859078178828,69.6222681946329,74.0376007621947,72.47702519342525,70.52276376683042,73.94360565461213,NOR,Norway,16,19,17,17
71.69463,71.64315,72.754486,74.46214940929048,72.19320152292076,76.73109729566019,72.60504250026682,71.10672244395673,75.22983524173502,72.61411471933269,71.6465561565143,74.36747617634099,FIN,Finland,17,16,16,16
73.70574,73.29332,74.74255,75.34375044059226,72.77029007583252,77.917210805352,74.17831804013089,73.48371479155284,75.58851367563018,74.23338806134291,73.21016106792057,75.7477079757143,CHE,Switzerland,14,13,15,15
73.58097,72.95422,74.19517,75.41715140527864,73.23378574625575,77.60051706430154,74.60345988303271,73.33639368229301,75.88069383553537,74.29563820415792,73.11965667354345,75.46788649571118,DNK,Denmark,15,12,13,14
74.484116,73.134995,74.766396,74.93935614316418,73.03089300659776,76.84781927973059,74.47945210757301,73.24847124580587,74.95580768903964,74.59675986297728,73.13733831651889,75.3341045266164,KOR,"Korea, Republic of",12,15,14,13
74.39985,72.848816,74.62685,75.29399635728664,71.62850195174542,78.95949076282787,75.05824511264565,70.72801020275995,75.78217871035552,74.78798483647722,72.01353599761072,75.99884052503414,NLD,Netherlands,13,14,10,12
74.96542,74.1773,75.46486,76.07364193827094,73.99286979161323,78.15441408492865,74.798232303776,74.5597884925612,77.04679543795353,75.20068035250392,74.22681432079948,76.53273188511508,CAN,Canada,10,11,12,11
74.50537,74.45995,74.997025,76.75039496771996,74.32085794101178,79.17993199442813,75.04751521311258,73.53776757509283,76.92198013207104,75.20216309208314,74.19463303307889,76.5239902996912,SWE,Sweden,11,10,11,10
76.98625,76.04318,77.22145,77.3540419913904,75.74070852042964,78.96737546235117,76.43007730593747,76.13153354348363,77.60728429318681,76.93915573985932,75.98965170250176,77.75439034171653,AUS,Australia,9,9,9,9
77.50317,76.36179,78.53654,78.15736177709827,76.10239759353793,80.21232596065862,77.79201278307852,75.27500291678687,78.79540926451811,77.73892673940942,76.0252468866144,79.02020239149925,USA,United States,8,8,8,8
79.89008,79.22182,80.707634,79.5606362431083,77.76911598278689,81.35215650342973,77.87897469267192,77.15310349820957,80.13604532054602,79.3049443904392,78.3414633785499,80.72586744207793,JPN,Japan,7,7,7,7
81.718056,81.12925,81.878204,82.28433623822282,81.36244373735163,83.20622873909402,80.27949905781844,79.71415772063936,81.5673163854433,81.49998668655914,80.8337751508747,82.13248845398589,GBR,United Kingdom,6,5,6,6
82.17599,81.48587,83.06131,82.52862059257173,81.20545619547897,83.85178498966448,81.45363476486936,79.22946705633876,83.32073004204393,82.08355746118644,80.8516659936185,83.32378366515366,ESP,Spain,5,4,5,5
82.79642,81.48145,84.42758,83.64517749427127,82.21164471526912,85.07871027327342,83.20387372740986,79.9697235517112,84.62709214417045,83.11047142358434,81.28606853769234,84.64024149791565,FRA,France,4,2,3,4
83.2659,81.30472,84.44335,83.48618524139019,81.84490508466097,85.12746539811941,82.73047935191173,79.85025200923475,85.9637365713417,83.18711597742704,81.07614828226299,84.99447636516801,ITA,Italy,3,3,4,3
83.638084,77.11787,84.55423,82.18484966511038,78.33882738350641,86.03087194671434,83.91249837409862,70.73458042421264,84.74015578078492,83.3433792156128,75.8272852099864,84.96987180003887,TWN,"Taiwan, Province of China",2,6,2,2
85.58768,82.74892,87.48317,86.1488006274573,85.3539647050324,86.94363654988221,85.56717115093774,78.24241636937975,87.61434905350855,85.72283144557531,82.2735535815913,87.38108117867971,DEU,Germany,1,1,1,1
