iso3,mean_score,latest_score,latest_ci,mean_ci_width,innovation_std,trend_slope,stability_class
DEU,84.66230657939963,87.356403897994,1.6234401345120284,1.640575953987028,0.9728544704066058,0.1820290503428693,Stable
TWN,80.18942668740137,84.49134770462663,3.210254996829491,3.306392251620855,1.640285560636203,0.9380923171754142,Moderate
FRA,79.90761457773625,83.60528814771413,1.764568246008981,1.807296283757963,0.7342759524281705,0.2728145463212708,Stable
ITA,77.60175238090771,83.47128871096814,2.3117612458093806,2.3610395104173607,1.1840038083548954,0.2402790713774537,Stable
ESP,78.9185129036169,82.05377403410182,1.547250464737293,1.569137001569049,0.944471069084675,0.1711065743229278,Stable
GBR,80.75074023485135,81.5633868848367,1.2902786835022009,1.3064141042277302,0.7386435148751751,0.167738505497933,Stable
JPN,76.03669771228441,79.4436660787937,1.956550892430904,2.0091867559377725,0.77256653737534,0.31404535765812,Stable
USA,77.95088258963611,78.51367376832238,0.6764892116789178,0.6791509116268664,0.5577332817165476,0.0017585650480383,Stable
AUS,76.46401265338767,77.36232045527977,1.1529238931161672,1.166093905668107,0.6882773202240741,0.1280603853783255,Stable
SWE,76.73227117334474,75.19855164450973,1.7833287860693443,1.791171087023701,1.4911975160184174,0.120030678471778,Moderate
NLD,75.78021268397545,75.14040202670772,1.4379327604623728,1.4403540943884467,0.9960076643692598,0.1252436595067733,Stable
KOR,70.72073440877253,74.85937533872381,2.329825026752784,2.3878249506208866,0.9154078177201443,0.3702479594449845,Stable
CAN,75.80348398396373,74.60765669639846,1.080801239598426,1.0850279959048983,0.915118628048107,0.0692947379116929,Stable
CHE,73.98008121246667,74.25751893296318,1.749924262574583,1.76060267512616,1.2254988496550625,0.1934899178036537,Stable
DNK,75.20310609587354,74.21200191160038,1.5430009989024902,1.5516805875300796,1.1794286800997935,0.1306912444546406,Stable
CHN,59.55582982285264,73.30630167939897,5.090347338362968,5.137484960238957,3.1378582660148298,0.5148279547456744,Volatile
NOR,71.23439289943636,73.21522670971694,1.9309553186560904,1.9591184076250463,0.9584711222658608,0.2739835576409135,Stable
FIN,74.31556276639603,72.21153034701922,1.3031379322284902,1.3072917967460027,1.2266763144425412,0.0628407657504831,Stable
BEL,72.07026476961046,71.75437216274865,2.260370455198359,2.2745335845333803,1.648208099415176,0.2254070776796912,Moderate
AUT,72.29063667622223,71.40251389483487,1.890452471988348,1.9021811179375363,1.380343827758583,0.2008521230223819,Moderate
PRT,68.84175231841827,71.31356130595371,1.8424492480920924,1.862021808244331,1.0231740882987532,0.238165931730175,Stable
IRL,70.28599822452315,69.64723502366209,1.622037300749844,1.630558272488985,1.2182678321717937,0.1459703033183371,Stable
GRC,64.56664164358801,69.01631057070276,1.983444885329976,2.0125590168135026,1.220588646102758,0.141599211501518,Stable
CZE,66.5213652594119,68.9957129973763,2.380611295875891,2.413299752146776,1.1940113710529776,0.3297737024400035,Stable
ISR,68.68212473134173,68.79662493601687,1.727127008158737,1.7371014956938702,1.264306493750842,0.1623488383395537,Stable
NZL,71.06469630354468,68.33665976418855,1.0482738457638792,1.0532804855541382,0.8407914381305088,0.03109702344994,Stable
SGP,68.38044231303627,67.8843880556861,1.333891515703288,1.3427979526562868,0.962977159227617,0.1139130895083506,Stable
BHS,56.833370498203706,65.43610161377019,3.231356444432778,3.2479105224805926,2.5906041844844534,-0.049180703590685,Volatile
IND,58.769612551279735,65.39484920304857,2.5765243388823498,2.6609643422293856,1.1695039643852247,0.370135117957959,Stable
EST,64.51343594978351,65.23049559221624,3.0407864966202496,3.074952360031316,1.7673812328261451,0.3945197074072118,Volatile
POL,63.18700603659941,64.74376873862273,2.109525175334686,2.1458457740790093,1.2694531942553768,0.2494709270076559,Stable
LUX,66.47946353324717,63.97776497266425,2.1133233342461013,2.1199852651290763,1.9668002661097144,0.1668861440384726,Volatile
ISL,67.22910319965523,63.52169685741686,1.8710075132274928,1.875687366054457,1.912988876841487,0.0357877537865179,Volatile
CHL,65.04513458461514,63.31533261487894,1.635726617279729,1.6419143377762844,1.4254952509349896,0.0884726869481642,Moderate
LTU,59.8295842951078,62.97843547981798,2.8136006305561425,2.881261107794042,1.2161212845284703,0.4702953527626033,Stable
SVN,62.43975275444925,62.97816727351746,2.6334036159409857,2.651654086994372,1.784114223042212,0.3022453634797133,Volatile
ROU,55.0049441991041,60.98163637976939,3.616111796405069,3.7143032582285738,1.5318345017233352,0.574384493511595,Moderate
SVK,58.45841772581274,60.95072048133643,2.8050860887693507,2.831849434650982,1.6447328763024038,0.3562313896794041,Moderate
BRA,58.62124329117169,60.792714778291774,1.4645187175290328,1.4866626213723884,0.6506873247690003,0.2134394356687461,Stable
HRV,55.357350232829056,60.76973729400559,3.417065310990273,3.5016401666062005,1.4162706923214137,0.5389247036343121,Moderate
MEX,60.14134222891246,60.741763868469725,0.9326343314676316,0.9412347124913284,0.5964691512199958,0.0904846979887855,Stable
URY,59.056611937608274,60.186574656820525,2.775166199979536,2.8067084956964936,1.5276599617161344,0.3713699085106827,Moderate
MYS,53.47861401862491,58.88822678367946,3.3734105386466897,3.4875566507539344,1.5075109372876043,0.5681270306561576,Moderate
LVA,55.709455766248674,58.71569313893762,3.605693664613743,3.644261654746081,2.012497996560031,0.4823797294633152,Volatile
HUN,60.406607756038646,58.089642137258544,1.8679831628474928,1.8856826444293464,1.2614272000104922,-0.1127364064372015,Stable
BGR,54.63581149846352,57.9608318816139,2.39240687617171,2.4237677356482763,1.2835872262708616,0.2939402284014106,Stable
RUS,50.4705119357434,56.37637737276457,2.906570564933584,2.9218180070131643,2.214521138150724,0.1607242003703992,Volatile
CRI,54.47808536389279,54.7170455112085,2.580678479896262,2.5987465573874093,1.7636387713554895,0.2869868285818332,Volatile
COL,50.157375003705646,54.31351138027664,3.2050608387446244,3.2845553915605645,1.2516574350387888,0.5296612458363695,Stable
TTO,55.22161422406003,54.06941745271437,2.076991430267208,2.088169038123163,1.5825016358068478,-0.1408261334443651,Moderate
SRB,47.42345115359945,53.64660564183844,7.848752557348076,8.030316063347927,4.659858642642081,1.183746342886455,Volatile
KWT,52.61900978996521,53.62417363932328,2.3719124549483586,2.3869448402414832,1.683506035137833,-0.1811704840281429,Moderate
ARE,48.57829332800206,53.61362698179993,3.503210616856819,3.540233977480054,2.201300650442456,0.2205976077679766,Volatile
MKD,48.77379625568,53.2744953312371,4.48583663526372,4.587266754721371,2.141541881149939,0.7339727304182998,Volatile
SAU,45.63205450201355,53.16625674304874,3.515007763336895,3.540457970190786,2.315989982020174,0.3367805251408826,Volatile
IDN,45.07092940272274,52.64067939014958,3.771054176481935,3.908325249636437,1.817009514274292,0.5853589817105003,Volatile
MUS,52.52669824191931,52.52399643745908,2.3484943144074024,2.3621179746759786,1.6782368518763315,0.251287955487348,Moderate
ARG,52.05512502856356,52.51741570580174,2.559092047307224,2.579048566132828,1.8103484101788736,0.0683957350786503,Volatile
TUN,49.03760540025262,52.135443467851175,2.973551775697482,3.043303372994006,1.4921485579249374,0.4348890494948924,Moderate
GEO,47.49830558195039,52.12555356758995,4.319314049477043,4.447106884957414,1.9167341816543368,0.7315620682433783,Volatile
PER,50.056156471086254,52.08952877713198,2.402539043646243,2.423860411526163,1.401341797600535,0.2702229010628275,Moderate
THA,49.62615186103273,52.0635292017048,2.406393452094576,2.422583819221172,1.7629046622011146,-0.0671972429905365,Volatile
IRN,44.1260197592994,51.15502147030594,3.705755309560606,3.7376288542655662,2.343737025992676,0.4236234966085139,Volatile
MAR,46.92567536975015,51.03405767954835,2.031506232446036,2.1224694771015704,1.024157726635012,0.3227172487414292,Stable
BRB,55.30492143164571,50.846014754833874,2.8262090841987297,2.8347903752739363,2.6619511180104585,-0.1412537854014569,Volatile
JOR,48.03824687153309,50.777802786823806,1.80752257058248,1.8216297554027308,1.1930369288051967,0.1786372090067479,Stable
TUR,55.62005846253614,50.73666045740657,2.2149743780055315,2.236247343587196,1.5170823865528749,0.0404801916391863,Moderate
QAT,45.88693845108296,50.101431860186096,3.452692829221731,3.560309924627325,1.8146648046671776,0.5399923106511216,Volatile
ZAF,51.599585381686666,49.50038736344425,1.1849637552284742,1.1885550394581756,1.1030595695208694,-0.0159241375458928,Stable
MNE,42.97463961754247,48.93881342835929,6.942701890228455,7.12526042611727,3.907270191366065,1.169582853101605,Volatile
OMN,45.555771100972834,48.785226407261625,2.251738495856724,2.278478649937435,1.2531942544018242,0.2758892266181422,Stable
LKA,45.30372141745827,48.49818017360563,2.142765944681297,2.1638659966784384,1.3105715799395083,0.0777031970928086,Stable
PHL,43.33711583323398,48.180149188592985,3.0632843242655032,3.14323187565492,1.8545142688800835,0.2952712915916931,Volatile
UKR,46.05977331361905,47.83676015175244,2.142007749498825,2.163497653126662,1.3640152915960917,0.2154846965336673,Moderate
ARM,44.238439642294935,47.73642413348791,2.7132302253543887,2.7556777341421053,1.472482311031355,0.3292849318400087,Moderate
MDA,48.49848704526472,47.643019983789216,2.1669233975680693,2.179621963944767,1.6491690005338242,0.1876482446447781,Moderate
ECU,41.87952497007105,47.27836874083968,2.8244997841569117,2.8841001259303978,1.4742918532707276,0.2996092032373214,Moderate
KAZ,39.01218537852043,47.12098005288592,4.011569626425515,4.120763575620815,1.6884057790986935,0.6036291089690163,Moderate
ALB,43.030264748995975,47.03672909540991,3.693604772626101,3.760153372048672,1.6418256357691778,0.5698898997278959,Moderate
XKX,45.82415065492355,46.15606851721668,5.018207729313092,5.099212054097876,3.4994369592570056,1.0048856041090977,Volatile
MNG,45.85651842896553,46.043895159604965,2.161210339286584,2.1716514019684947,1.6839236598639693,0.2111820084324404,Moderate
DZA,42.27844698961504,45.9492758159278,1.5963705185606163,1.60152513404395,1.4450589922145782,0.0733514736242323,Moderate
BWA,47.85063542897252,45.89157879493889,1.4277377130768805,1.4318593254873495,1.3994829161901323,-0.0170350035376312,Moderate
BHR,45.496444735744106,45.84570283083867,1.6780073476723552,1.6837878455880562,1.5329924923517495,-0.0118143873948958,Moderate
PAN,48.375805437556174,45.83749383928356,2.139963852449509,2.148026417469753,1.8947932809394088,0.0824764637800006,Volatile
EGY,42.53489438418157,45.53045213037135,1.9086331551432776,1.9204674999409,1.3585453615971408,0.1950020172433567,Stable
BIH,39.80430922226638,45.36628870669711,3.630980991966633,3.785929780285705,1.6274802159882769,0.6925838782909415,Moderate
VNM,37.33793615516536,45.34931720703669,4.882067952406579,4.913837791139723,1.9646076394995655,0.667340607096839,Volatile
JAM,47.64390860275261,45.17016856130898,2.4997139995956257,2.5096220894654464,2.11958657563142,0.1668028468293746,Volatile
SYC,41.04713565240175,45.01452571844976,3.7028897596146857,3.7388300497458817,2.2151188078861104,0.4676119748837435,Volatile
GHA,43.35363223631612,43.91078475683886,3.047357926125521,3.0762312438880777,1.8359398989286229,0.3823039210308326,Volatile
LBN,41.65812635814261,43.471452710768254,2.4443027569101896,2.484913303295696,1.2665438016371309,0.3389929002067635,Stable
GUY,42.30196397073726,43.41891551422989,2.657808421266919,2.676158604925332,1.82116583161738,0.16628997342284,Volatile
BGD,38.473844534479525,42.80457405087774,2.454449288067251,2.51315750784176,1.1746075478250642,0.357833557669152,Stable
CUB,35.97412020198358,42.65999330954318,2.708065589239503,2.726511071984389,1.734240933748974,0.2863505271219504,Moderate
SEN,41.05502546619427,41.98912857775455,2.085797169636145,2.102724586020335,1.331929436954892,0.2414175967275376,Stable
NAM,41.812592039920425,41.51689374768858,2.8927747074824133,2.910812162993908,2.12915070387686,0.1758130057410629,Volatile
FJI,36.49733713864338,41.490869623588736,4.106079617591289,4.168434743399654,2.160473598170828,0.4784358185534129,Volatile
BLR,39.09341061311604,41.26846286511024,3.0317037456479587,3.050861010328886,2.2167636304445097,0.1756057408861878,Volatile
NPL,35.544634864271245,41.26610920211211,3.159668604816776,3.2147631421449945,1.6500411188038968,0.4061998233010637,Moderate
KEN,38.3691424017008,41.19900695113429,2.315733773168734,2.346147584717205,1.4383558461274009,0.2530033162091285,Moderate
AZE,37.12685060595662,41.1448804216117,3.117917457199397,3.1612361409372243,1.743819419314827,0.3984479013325497,Moderate
DOM,40.19344725658049,41.122428422727324,1.9222436879423503,1.933252754479452,1.3925238243719984,0.201974974926262,Moderate
PRY,39.46109665978256,40.17786160492336,2.853869177949528,2.8820323033437525,1.6701101533954683,0.3698004276812067,Moderate
PAK,36.72665769385274,40.09277084594789,2.384781306492692,2.438613742534752,1.0233731030087987,0.3765471186732079,Stable
ZMB,40.0642378472352,39.25100292763987,1.5620491725023624,1.5679954492607755,1.2900257750104838,0.128269231842848,Stable
UZB,30.8353317884566,39.24988285385932,3.7739299520389937,3.834852225546873,2.1567447167131486,0.3043260998676144,Volatile
ETH,33.61507660732636,38.83587562247573,2.180615634536764,2.1972022565720666,1.3611901085550409,0.1945150831610776,Moderate
IRQ,32.909480330421005,38.77045690062413,4.4788339576879554,4.560639471618932,2.1633949606617127,0.6436887157548885,Volatile
RWA,29.29252714754773,38.537483000070985,5.194220703683797,5.452594374795151,2.1344731910524044,1.029217805459677,Volatile
SLV,42.024386864530896,36.99243055305619,1.831294428407977,1.8409132420047143,1.416598371314275,-0.0846405698725141,Moderate
TZA,35.47086481081608,36.78580075050628,1.4899060282653696,1.4986959931842887,1.0395295168853709,0.1084906735025478,Stable
HND,36.9921805470152,36.4454249760449,1.901959509889032,1.9115279557066005,1.4521293958033394,0.1247973498918279,Moderate
BOL,37.58208274277937,36.35251869471463,2.3716071383787614,2.413348736034832,1.279161911816214,-0.303995945145045,Stable
GTM,36.99963934052091,35.64689547651373,2.1394591439455457,2.1548342809991565,1.5267802708112284,0.1940849959838292,Moderate
TGO,30.33141827504869,35.2468997262109,4.024381539702637,4.139775870393132,1.832921865084273,0.6473593078194632,Volatile
KHM,31.57714653234786,34.784205917626174,1.3972141392279664,1.4056367487605053,1.006724404004078,0.1191501844366501,Stable
MWI,35.37047215730779,34.61725098069307,1.5359567867593402,1.541400903254291,1.3484735417419345,0.0900768446748371,Stable
UGA,32.602683621782155,34.52070854835729,1.2802809458185982,1.285468650451812,1.066409872787595,0.0475949857968171,Stable
KGZ,34.96341103619132,33.95114071113881,2.3931207278122604,2.417427463981283,1.5742029432206197,0.2359217431465461,Moderate
BEN,34.28458010797482,33.61602746986488,2.135464651614208,2.150726644742244,1.4610836624382888,0.1648455837833891,Moderate
GMB,29.580973068229103,32.75035002184555,3.1600549155916817,3.194779935835438,1.980442401383179,0.3552376067556184,Volatile
SWZ,32.017018777101214,32.74996871532147,1.803614883758816,1.814216325140939,1.4983393911463834,0.1690282500705394,Moderate
BFA,32.72966793301848,32.27438174049307,1.859205793639224,1.8760581617102556,1.1966627769368745,0.1888312875388552,Stable
NGA,31.012778479606137,32.266627958629584,2.184192546543388,2.2040336411019235,1.3405798202010513,0.2399673514650537,Stable
LBY,28.082752943439477,32.17554011685323,2.8794897931841392,2.9051659213478245,1.6876503471558095,0.3499617529184586,Moderate
CIV,27.18266757483837,31.984803425801157,4.85833590311499,4.9552302470482665,2.949636410254423,0.5162041722565222,Volatile
LSO,35.35479377304287,31.651675524282048,2.987625738462218,2.998533184501248,2.673430904239954,0.2092197418175583,Volatile
TJK,29.80796388449276,31.48531006512918,2.267183052590258,2.2780159243456346,1.860779724952829,0.1503465402070685,Volatile
MDG,35.36338204601506,31.35972162172083,1.9319163306273983,1.9399392442641812,1.562754076428425,-0.1661366622479762,Moderate
CMR,26.446159202847426,31.066756773562037,2.0000144843552103,2.020505810600588,1.0950609125676218,0.2327352826090215,Stable
NIC,34.99179881405798,29.91140060207324,2.1120045473122047,2.143700147574185,1.1415720681542467,-0.2321878372687482,Stable
LBR,33.04124742785764,29.808999724218523,3.673082977643536,3.702173156161432,2.877944668344937,0.4146191216648568,Volatile
PNG,32.47451932059372,29.72937265537793,3.772243970448455,3.79216200233218,2.8115257242964846,-0.1250276464687311,Volatile
SYR,30.138814086900364,29.51094568178906,2.347834494171881,2.359028099449657,1.9308771446011332,-0.0110102774898001,Volatile
LAO,24.43343435635834,29.29669479284261,3.467305590255609,3.557029967611116,1.5488369912757185,0.5733016881009494,Moderate
MMR,23.602285165669404,29.16077747212817,4.219273770680565,4.327092486987397,2.473361244557952,0.5365326288951279,Volatile
NER,28.851793247248885,29.01780987160148,2.1210997556195834,2.1555832935435144,1.2671568795717691,0.2926413211197117,Stable
ZWE,25.74381619498227,28.86947325828439,2.66414139662698,2.7055930555750614,1.7313722626920307,0.139344557753953,Moderate
GAB,31.708274082152897,28.814524127509813,1.4195175517412084,1.435228652975414,0.8177674527029586,-0.1681513095836418,Stable
MOZ,30.56550887317896,27.551637993989544,1.777402321163063,1.7867696404600286,1.409573161490154,0.0087198350567204,Moderate
MLI,30.49812915618505,26.078895414967597,2.49803411642494,2.5117791253954405,1.9161171985973693,-0.1912194108228266,Volatile
AGO,21.56559622242717,26.027668684435,2.366733717954171,2.434487665555304,0.8435803934349748,0.3918878734645546,Stable
GIN,25.54961791445053,26.01533479310168,2.6769741278593555,2.7056749087885223,1.6523141309629017,0.2472971313522397,Moderate
SLE,22.60881799173078,25.963025246637837,4.162017187945716,4.240103032326162,2.0909682967516035,0.6161835156135667,Volatile
SDN,23.92298418357417,25.692995580070075,2.0495629198930043,2.0592823902204045,1.5857000498403222,0.1317550008221454,Moderate
BDI,27.993863091647505,25.553909875975265,2.559641612946448,2.5788292682302987,1.9401979735542008,0.0990523801585821,Volatile
MRT,25.302905257356635,25.393114673215177,2.1787748859098683,2.193543296709544,1.558376902352518,0.1324606087475123,Moderate
PRK,18.57996341490251,24.90311660145252,3.051585415608256,3.0837343803853967,1.7314212644793403,0.3195144967404351,Moderate
SSD,19.90595713430166,24.08236505624001,3.0368293289777992,3.1015441937086723,1.85301776713529,0.710003840016663,Volatile
COG,24.576950113170717,23.86425610235485,1.6371374007232995,1.6458251071543577,1.2675085613429986,0.0062977088540215,Stable
AFG,24.240072910805804,22.223986767571773,2.1844287597114844,2.2045532139963178,1.8307624921962595,-0.222401222317123,Volatile
TKM,18.351394094852683,22.179808074530797,2.2095649119170995,2.2285821770585166,1.38977825357257,0.0893521676060382,Moderate
VEN,33.28322640257187,21.806473476348472,5.347112774156615,5.522590084812447,2.135349467820145,-0.864178722086739,Volatile
COD,19.909895311127613,21.21678179704063,2.546265349484746,2.5640131591868323,1.6658107782212703,0.2567150826620334,Moderate
ERI,17.172350107460105,20.56234391254928,2.219397664491196,2.2313524504975266,1.754369652489035,-0.0155704591686997,Moderate
HTI,20.644751254835995,18.731153082199604,3.007396252143392,3.042932716689533,1.8147644300308543,0.3252167029670216,Volatile
YEM,26.66975328456281,18.70411232813757,3.3316028301521934,3.377474205079879,1.9599415452837743,-0.1535684706436468,Volatile
TCD,16.314506163843177,17.68802818276124,2.1489769962695906,2.1698617287257203,1.5108035330973824,0.1069191811350271,Moderate
GNQ,15.906239886059591,15.656099824324734,2.113643769857023,2.1217027371719204,1.7846238546474815,0.1029374664484153,Volatile
CAF,16.732023398609673,11.744500347673712,3.1397425343936587,3.1542562209015057,2.436442796079489,-0.2559793556331358,Volatile
SOM,10.915428171299702,7.097759255597184,3.821804042761784,3.86136737997305,3.2201990849967634,0.1016045032904049,Volatile
