iso3,latest_score,trend_slope,acceleration,volatility,n_years,regime
MCO,94.632,1.57551,1.067099,11.4424,12,Volatile Riser
DEU,87.427,0.17404,-0.01638,0.9567,25,Stable Power
TWN,84.437,0.91451,-0.086274,1.6494,12,Volatile Riser
FRA,83.984,0.26707,-0.011163,0.7041,25,Stable Power
ITA,83.921,0.27833,0.061372,1.0637,25,Stable Power
ESP,82.114,0.16709,-0.000944,0.8676,25,Stable Power
GBR,81.388,0.15211,-0.014444,0.7153,25,Declining
JPN,79.521,0.31544,-0.007607,0.7568,25,Stable Power
USA,78.544,0.00093,-0.000323,0.5665,25,Declining
AUS,77.198,0.11451,-0.021252,0.6656,25,Declining
CHN,75.112,0.56709,0.080131,3.1502,25,Volatile Riser
KOR,74.881,0.36552,-0.010812,0.895,25,Ascendant
SWE,74.656,0.09823,-0.040659,1.4849,25,Declining
CAN,74.233,0.0617,-0.01979,0.9247,25,Declining
NLD,74.146,0.03568,-0.012309,1.3984,25,Declining
CHE,73.813,0.1843,-0.014579,1.244,25,Stable Power
DNK,73.701,0.11667,-0.031258,1.172,25,Declining
NOR,73.082,0.26553,-0.010633,0.9638,25,Stable Power
FIN,71.692,0.05183,-0.023625,1.2258,25,Declining
PRT,71.108,0.23405,0.001995,1.0375,25,Stable Power
BEL,71.016,0.2022,-0.031417,1.6397,25,Stable Power
AUT,70.686,0.18451,-0.023303,1.3778,25,Stable Power
GRC,69.19,0.18177,0.056217,1.1047,25,Stable Power
IRL,69.156,0.13347,-0.026843,1.2318,25,Declining
CZE,68.856,0.32491,-0.003572,1.1994,25,Stable Power
ISR,68.295,0.16166,0.016603,1.2673,25,Stable Power
SGP,67.924,0.09891,-0.027707,0.945,25,Declining
NZL,67.913,0.01791,-0.030234,0.8382,25,Declining
LIE,67.435,1.01855,-0.437986,6.3245,12,Volatile Riser
BHS,66.669,-0.01749,0.072426,2.5353,25,Fragile
IND,66.464,0.41251,0.040387,1.0484,25,Ascendant
NRU,65.948,-2.52472,1.363347,20.7003,11,Fragile
EST,64.488,0.36044,-0.046556,1.7605,25,Volatile Riser
POL,64.314,0.25166,-0.002391,1.1502,25,Stable Power
LUX,63.108,0.15454,-0.016826,1.9828,25,Fragile
CHL,62.829,0.0745,-0.033466,1.4282,25,Declining
ISL,62.781,0.02265,-0.017751,1.9193,25,Fragile
LTU,62.553,0.42752,-0.037111,1.2074,25,Ascendant
SVN,62.285,0.2842,-0.02269,1.8016,25,Stable Power
ROU,60.929,0.5795,-0.012183,1.4626,25,Ascendant
MEX,60.813,0.08125,-0.021247,0.5811,25,Declining
BRA,60.747,0.20435,0.001181,0.6585,25,Stable Power
HRV,60.62,0.53873,-0.003566,1.399,25,Ascendant
SVK,60.521,0.34218,-0.017699,1.6646,25,Stable Power
URY,59.824,0.35029,-0.024132,1.5351,25,Ascendant
CYP,59.514,0.14927,-0.014244,1.9623,25,Fragile
MYS,58.949,0.56948,-0.017507,1.3666,25,Ascendant
LVA,58.233,0.4613,-0.009295,2.0356,25,Volatile Riser
MLT,57.906,0.26041,-0.058037,1.8039,25,Stable Power
BGR,57.681,0.29356,0.032102,1.2792,25,Stable Power
HUN,57.6,-0.12951,-0.033307,1.2008,25,Declining
RUS,57.261,0.18518,0.068346,2.2297,25,Stable Power
BRN,56.572,0.84579,0.06668,1.9395,18,Volatile Riser
TUV,56.179,1.4139,0.848021,8.9423,12,Volatile Riser
TON,56.106,1.28736,0.003316,5.2492,16,Volatile Riser
ARE,54.276,0.25829,0.083387,2.1131,25,Stable Power
COL,54.039,0.50219,-0.026099,1.2484,25,Ascendant
SAU,53.987,0.36246,0.051305,2.3399,25,Volatile Riser
KWT,53.956,-0.15403,0.065686,1.6856,25,Fragile
CRI,53.925,0.27825,0.007717,1.7722,25,Stable Power
TTO,53.558,-0.12459,0.051581,1.5799,25,Declining
SRB,53.351,1.01359,-0.240611,4.0398,23,Volatile Riser
IDN,52.838,0.64524,0.029553,1.5764,25,Ascendant
MKD,52.716,0.70853,-0.029494,2.0613,23,Volatile Riser
THA,52.506,-0.04409,0.07366,1.7172,25,Fragile
IRN,52.32,0.42587,-0.018156,2.3526,25,Volatile Riser
PER,51.973,0.27194,0.019854,1.4056,25,Coasting
ARG,51.932,0.09361,0.070426,1.7294,25,Fragile
TUN,51.897,0.42227,-0.010169,1.3642,25,Ascendant
MUS,51.873,0.24295,-0.003044,1.6994,25,Coasting
WSM,51.696,0.17137,0.079365,2.7111,20,Coasting
GEO,51.366,0.68384,-0.040968,1.7621,25,Volatile Riser
MAR,51.266,0.36452,0.014264,0.8121,25,Ascendant
JOR,50.982,0.1942,0.018945,1.1894,25,Coasting
BTN,50.836,0.72676,-0.025922,1.3872,16,Ascendant
STP,50.53,1.39668,0.170494,2.1012,12,Volatile Riser
QAT,50.298,0.52851,-0.042065,1.5511,25,Ascendant
BRB,50.073,-0.15562,-0.029478,2.6839,25,Fragile
TUR,49.975,0.00371,-0.077724,1.4199,25,Declining
LCA,49.28,1.2239,-0.288246,5.4747,20,Volatile Riser
ZAF,49.163,-0.01747,0.012685,1.1173,25,Declining
OMN,48.865,0.27755,0.019183,1.2517,25,Coasting
LKA,48.654,0.10089,0.070487,1.2799,25,Declining
PHL,48.124,0.36653,0.075657,1.5072,25,Ascendant
MNE,47.99,0.98671,-0.201575,3.3768,23,Volatile Riser
UKR,47.778,0.21658,0.018271,1.3156,25,Coasting
KAZ,47.673,0.63528,0.03107,1.6389,25,Volatile Riser
VCT,47.594,0.09633,-0.055365,3.4044,16,Fragile
ARM,47.478,0.33478,0.03705,1.4178,25,Coasting
ECU,47.194,0.35165,0.07094,1.3504,25,Ascendant
MDA,47.074,0.18631,0.002565,1.6249,25,Coasting
ALB,46.8,0.52891,-0.036343,1.6502,25,Volatile Riser
DZA,46.335,0.08143,0.031898,1.4665,25,Declining
BHR,46.044,-0.01786,0.005408,1.5277,25,Declining
MDV,46.035,0.42973,0.08521,1.3527,16,Ascendant
EGY,45.855,0.19786,0.007403,1.3709,25,Coasting
XKX,45.779,0.82146,-0.638888,3.3518,12,Volatile Riser
BIH,45.4,0.62015,-0.074398,1.3872,25,Ascendant
BWA,45.394,-0.02449,-0.015452,1.3959,25,Declining
MNG,45.316,0.2057,0.014263,1.7053,25,Coasting
FSM,45.035,0.74055,0.26231,4.1987,16,Volatile Riser
PAN,45.022,0.07999,0.023724,1.8884,25,Fragile
GRD,44.596,0.07538,-0.097922,2.0731,12,Fragile
SYC,44.345,0.45161,0.01764,2.2286,25,Volatile Riser
JAM,44.22,0.15954,0.019298,2.1338,25,Coasting
VNM,43.765,0.62842,0.014363,0.9077,25,Ascendant
LBN,43.309,0.32172,-0.03502,1.2218,25,Coasting
GHA,43.276,0.35624,-0.03853,1.8449,25,Volatile Riser
CUB,43.205,0.29918,0.020899,1.7746,25,Coasting
BGD,43.106,0.36992,-0.006985,1.0928,25,Ascendant
GUY,42.738,0.17274,0.064334,1.8205,25,Coasting
VUT,42.444,0.34851,0.043103,1.7587,23,Volatile Riser
CPV,41.813,0.43382,-0.057506,3.0143,25,Volatile Riser
BLR,41.742,0.18694,0.041708,2.189,25,Coasting
SEN,41.55,0.22995,0.002853,1.3361,25,Coasting
NPL,41.437,0.44281,0.021623,1.5802,25,Ascendant
AZE,41.325,0.40515,0.006614,1.7043,25,Volatile Riser
KIR,41.151,0.67278,0.097781,2.3156,16,Volatile Riser
FJI,41.052,0.49583,0.061059,2.0954,25,Volatile Riser
KEN,40.96,0.24151,0.015895,1.3248,25,Coasting
DMA,40.728,0.35917,-0.278556,5.4815,17,Volatile Riser
DOM,40.605,0.20024,0.009436,1.4113,25,Coasting
NAM,40.547,0.17573,0.056627,2.1057,25,Coasting
SMR,40.305,1.06231,-0.910295,9.0633,15,Volatile Riser
PAK,40.158,0.36149,-0.023232,1.0082,25,Ascendant
UZB,40.019,0.361,0.104429,1.9891,25,Volatile Riser
PRY,39.639,0.34788,-0.016474,1.6807,25,Coasting
ETH,39.244,0.2076,0.03683,1.3803,25,Coasting
IRQ,39.076,0.60523,-0.066737,2.1015,25,Volatile Riser
ZMB,39.009,0.11917,-0.015199,1.3179,25,Declining
TLS,38.985,0.92741,-0.084906,1.8645,16,Volatile Riser
SUR,38.93,0.23321,0.023078,1.1613,25,Coasting
SLB,38.831,0.74154,-0.030572,1.4279,16,Ascendant
RWA,38.516,0.9731,-0.059209,1.88,25,Volatile Riser
KNA,37.962,0.66264,-0.060142,1.8719,19,Volatile Riser
TZA,36.857,0.10792,-0.024634,1.0472,25,Declining
BLZ,36.446,-0.01391,0.039624,2.5023,25,Fragile
SLV,36.389,-0.10005,-0.045998,1.4125,25,Declining
BOL,36.193,-0.25716,0.070361,1.1869,25,Declining
HND,36.008,0.12398,0.026461,1.4629,25,Declining
GTM,35.015,0.18552,-0.020495,1.4884,25,Coasting
KHM,34.997,0.12329,0.019138,1.0056,25,Declining
TGO,34.784,0.63652,-0.028602,1.6903,25,Volatile Riser
UGA,34.608,0.0501,0.017309,1.0742,25,Declining
AND,34.559,0.17203,-0.031809,1.707,18,Coasting
MWI,34.156,0.09119,0.017445,1.3638,25,Declining
KGZ,33.676,0.21651,-0.032505,1.4795,25,Coasting
BEN,33.31,0.16581,-0.015777,1.4473,25,Coasting
ATG,32.893,0.87491,-0.071192,4.3783,19,Volatile Riser
SWZ,32.835,0.17158,-0.010537,1.4806,20,Coasting
LBY,32.39,0.34777,-0.020908,1.7147,25,Coasting
GMB,32.201,0.33823,0.027395,1.9002,25,Coasting
BFA,32.118,0.17302,-0.018049,1.1652,25,Coasting
NGA,32.101,0.24744,-0.002056,1.3323,25,Coasting
TJK,31.97,0.14659,-0.003495,1.8385,25,Fragile
CMR,31.394,0.24212,0.023013,1.1107,25,Coasting
CIV,31.336,0.55178,0.065708,2.5518,25,Volatile Riser
MDG,30.789,-0.17102,0.009451,1.5946,25,Fragile
LSO,30.628,0.18449,-0.027414,2.6661,25,Coasting
DJI,30.163,0.20314,0.018536,1.8615,25,Coasting
SYR,29.942,-0.01938,-0.036691,1.904,25,Fragile
NIC,29.58,-0.26287,-0.034073,1.0918,25,Declining
LAO,29.478,0.53706,-0.032466,1.4928,25,Ascendant
PNG,29.193,-0.11217,0.08769,2.8452,24,Fragile
MMR,29.073,0.58271,0.041876,2.1049,25,Volatile Riser
LBR,29.0,0.34958,-0.244766,2.8697,16,Volatile Riser
ZWE,28.965,0.20214,0.077248,1.5175,25,Coasting
PLW,28.683,-0.64139,-0.410836,4.6903,12,Fragile
GAB,28.63,-0.16815,0.001311,0.812,25,Declining
NER,28.36,0.25688,-0.038837,1.1671,25,Coasting
MOZ,27.198,-0.01924,-0.057233,1.3843,25,Declining
COM,26.744,0.17859,-0.164712,1.5009,16,Coasting
MHL,26.558,0.00162,-0.047354,3.4745,15,Fragile
AGO,26.18,0.38955,0.001014,0.8454,25,Ascendant
SDN,25.942,0.14074,0.023532,1.6033,25,Fragile
BDI,25.633,0.06013,-0.082185,1.8649,22,Fragile
MLI,25.627,-0.20405,-0.010284,1.8972,25,Fragile
GIN,25.564,0.24148,0.025231,1.588,25,Coasting
PRK,25.365,0.34586,0.047174,1.7285,25,Coasting
SLE,25.121,0.59441,-0.018292,2.0432,25,Volatile Riser
MRT,24.932,0.12523,0.029968,1.5274,25,Declining
SSD,24.158,0.77002,0.1054,1.8067,12,Volatile Riser
COG,23.817,0.00201,0.016869,1.25,25,Declining
AFG,22.483,-0.24755,-0.219904,1.8118,12,Fragile
TKM,22.481,0.11735,0.070296,1.3724,25,Declining
VEN,21.703,-0.90102,-0.033622,2.0227,25,Fragile
COD,21.284,0.2378,-0.032704,1.6705,25,Coasting
ERI,21.206,-0.0002,0.051107,1.7237,25,Fragile
YEM,18.151,-0.2318,-0.12325,1.8169,25,Fragile
HTI,18.093,0.2859,-0.069848,1.7293,25,Coasting
GNB,17.877,0.21984,-0.027703,1.7893,25,Coasting
TCD,17.544,0.10928,0.040084,1.3959,25,Declining
GNQ,15.681,0.08861,-0.020232,1.8036,25,Fragile
CAF,11.616,-0.2671,-0.017239,2.4656,25,Fragile
SOM,6.868,0.00744,-0.521218,3.1058,12,Fragile
