iso3,base_year,forecast_year,horizon,forecast_score,ci_lower_80,ci_upper_80,ci_lower_95,ci_upper_95,trend_slope,forecast_std
AFG,2024,2025,1,21.4649,19.3041,23.6257,18.1562,24.7736,-1.01829,1.6881
AFG,2024,2026,2,20.4466,17.4883,23.405,15.9167,24.9766,-1.01829,2.3112
AFG,2024,2027,3,19.4283,15.8458,23.0109,13.9426,24.9141,-1.01829,2.7989
AFG,2024,2028,4,18.41,14.2969,22.5231,12.1119,24.7082,-1.01829,3.2133
AFG,2024,2029,5,17.3917,12.8091,21.9743,10.3746,24.4088,-1.01829,3.5802
AGO,2024,2025,1,26.3731,25.092,27.6542,24.4114,28.3348,0.19341,1.0009
AGO,2024,2026,2,26.5665,24.9814,28.1517,24.1393,28.9938,0.19341,1.2384
AGO,2024,2027,3,26.7599,24.9203,28.5995,23.943,29.5768,0.19341,1.4372
AGO,2024,2028,4,26.9533,24.8904,29.0162,23.7945,30.1121,0.19341,1.6116
AGO,2024,2029,5,27.1467,24.8825,29.411,23.6796,30.6139,0.19341,1.769
ALB,2024,2025,1,46.6719,44.6851,48.6587,43.6296,49.7141,-0.1284,1.5522
ALB,2024,2026,2,46.5435,44.0478,49.0392,42.722,50.365,-0.1284,1.9498
ALB,2024,2027,3,46.4151,43.498,49.3322,41.9482,50.8819,-0.1284,2.279
ALB,2024,2028,4,46.2867,43.0018,49.5716,41.2566,51.3167,-0.1284,2.5663
ALB,2024,2029,5,46.1583,42.5428,49.7738,40.622,51.6945,-0.1284,2.8246
AND,2024,2025,1,33.8367,31.8163,35.857,30.743,36.9304,-0.72196,1.5784
AND,2024,2026,2,33.1147,30.3328,35.8966,28.8548,37.3746,-0.72196,2.1734
AND,2024,2027,3,32.3927,29.0169,35.7686,27.2234,37.5621,-0.72196,2.6374
AND,2024,2028,4,31.6708,27.7909,35.5507,25.7296,37.6119,-0.72196,3.0312
AND,2024,2029,5,30.9488,26.6232,35.2745,24.3252,37.5725,-0.72196,3.3794
ARE,2024,2025,1,54.4217,51.9549,56.8885,50.6444,58.199,0.14617,1.9272
ARE,2024,2026,2,54.5679,51.3143,57.8214,49.5858,59.5499,0.14617,2.5419
ARE,2024,2027,3,54.714,50.8299,58.5981,48.7665,60.6616,0.14617,3.0345
ARE,2024,2028,4,54.8602,50.4345,59.2859,48.0833,61.6371,0.14617,3.4576
ARE,2024,2029,5,55.0064,50.0985,59.9143,47.4911,62.5216,0.14617,3.8343
ARG,2024,2025,1,50.9373,48.8674,53.0073,47.7677,54.1069,-0.99516,1.6171
ARG,2024,2026,2,49.9422,47.1622,52.7221,45.6853,54.199,-0.99516,2.1719
ARG,2024,2027,3,48.947,45.6046,52.2894,43.8289,54.0651,-0.99516,2.6113
ARG,2024,2028,4,47.9518,44.1288,51.7748,42.0978,53.8058,-0.99516,2.9867
ARG,2024,2029,5,46.9567,42.7071,51.2063,40.4495,53.4639,-0.99516,3.32
ARM,2024,2025,1,46.9801,45.2871,48.6732,44.3877,49.5726,-0.49791,1.3227
ARM,2024,2026,2,46.4822,44.3005,48.6639,43.1414,49.823,-0.49791,1.7045
ARM,2024,2027,3,45.9843,43.4049,48.5638,42.0345,49.9341,-0.49791,2.0152
ARM,2024,2028,4,45.4864,42.5629,48.41,41.0097,49.9631,-0.49791,2.284
ARM,2024,2029,5,44.9885,41.7573,48.2197,40.0407,49.9363,-0.49791,2.5244
ATG,2024,2025,1,30.6058,25.5411,35.6704,22.8505,38.361,-2.28737,3.9568
ATG,2024,2026,2,28.3184,21.65,34.9868,18.1074,38.5293,-2.28737,5.2097
ATG,2024,2027,3,26.031,18.0759,33.9861,13.8498,38.2123,-2.28737,6.2149
ATG,2024,2028,4,23.7436,14.6827,32.8046,9.8691,37.6182,-2.28737,7.0788
ATG,2024,2029,5,21.4563,11.4105,31.502,6.0738,36.8388,-2.28737,7.8482
AUS,2024,2025,1,77.2723,76.4504,78.0943,76.0137,78.5309,0.07472,0.6421
AUS,2024,2026,2,77.347,76.2629,78.4311,75.687,79.007,0.07472,0.8469
AUS,2024,2027,3,77.4218,76.1276,78.7159,75.4401,79.4035,0.07472,1.0111
AUS,2024,2028,4,77.4965,76.0219,78.9711,75.2385,79.7545,0.07472,1.1521
AUS,2024,2029,5,77.5712,75.9359,79.2065,75.0672,80.0752,0.07472,1.2776
AUT,2024,2025,1,70.0235,68.4145,71.6324,67.5598,72.4871,-0.66214,1.257
AUT,2024,2026,2,69.3613,67.1862,71.5364,66.0307,72.6919,-0.66214,1.6993
AUT,2024,2027,3,68.6992,66.0774,71.3209,64.6846,72.7137,-0.66214,2.0482
AUT,2024,2028,4,68.037,65.0344,71.0397,63.4392,72.6348,-0.66214,2.3458
AUT,2024,2029,5,67.3749,64.0345,70.7153,62.2599,72.4899,-0.66214,2.6097
AZE,2024,2025,1,40.6671,38.6936,42.6406,37.6451,43.689,-0.6575,1.5418
AZE,2024,2026,2,40.0096,37.4542,42.565,36.0966,43.9225,-0.6575,1.9964
AZE,2024,2027,3,39.3521,36.3246,42.3795,34.7163,43.9879,-0.6575,2.3652
AZE,2024,2028,4,38.6946,35.2594,42.1298,33.4344,43.9548,-0.6575,2.6838
AZE,2024,2029,5,38.0371,34.2376,41.8366,32.2191,43.8551,-0.6575,2.9684
BDI,2024,2025,1,24.3614,22.1023,26.6205,20.9022,27.8207,-1.2719,1.7649
BDI,2024,2026,2,23.0895,20.0287,26.1504,18.4026,27.7764,-1.2719,2.3913
BDI,2024,2027,3,21.8176,18.1252,25.51,16.1636,27.4716,-1.2719,2.8847
BDI,2024,2028,4,20.5457,16.315,24.7765,14.0674,27.024,-1.2719,3.3053
BDI,2024,2029,5,19.2738,14.5659,23.9817,12.0648,26.4828,-1.2719,3.6781
BEL,2024,2025,1,70.6183,68.6753,72.5613,67.643,73.5935,-0.39812,1.518
BEL,2024,2026,2,70.2202,67.5916,72.8487,66.1952,74.2451,-0.39812,2.0536
BEL,2024,2027,3,69.822,66.6529,72.9912,64.9693,74.6747,-0.39812,2.4759
BEL,2024,2028,4,69.4239,65.7939,73.054,63.8654,74.9824,-0.39812,2.836
BEL,2024,2029,5,69.0258,64.9871,73.0645,62.8415,75.2101,-0.39812,3.1552
BEN,2024,2025,1,33.0001,31.3572,34.643,30.4843,35.5158,-0.30957,1.2835
BEN,2024,2026,2,32.6905,30.4917,34.8894,29.3235,36.0575,-0.30957,1.7179
BEN,2024,2027,3,32.381,29.7407,35.0212,28.3381,36.4238,-0.30957,2.0627
BEN,2024,2028,4,32.0714,29.0537,35.0891,27.4506,36.6922,-0.30957,2.3576
BEN,2024,2029,5,31.7618,28.4089,35.1148,26.6276,36.896,-0.30957,2.6195
BFA,2024,2025,1,31.2199,29.8692,32.5706,29.1516,33.2881,-0.89843,1.0552
BFA,2024,2026,2,30.3214,28.5295,32.1134,27.5775,33.0653,-0.89843,1.3999
BFA,2024,2027,3,29.423,27.2788,31.5672,26.1397,32.7063,-0.89843,1.6752
BFA,2024,2028,4,28.5246,26.0783,30.9708,24.7787,32.2704,-0.89843,1.9111
BFA,2024,2029,5,27.6262,24.9112,30.3411,23.4689,31.7834,-0.89843,2.121
BGD,2024,2025,1,43.4331,41.9779,44.8882,41.2049,45.6613,0.32723,1.1368
BGD,2024,2026,2,43.7603,41.922,45.5986,40.9454,46.5752,0.32723,1.4362
BGD,2024,2027,3,44.0875,41.9332,46.2419,40.7887,47.3864,0.32723,1.6831
BGD,2024,2028,4,44.4148,41.9852,46.8444,40.6944,48.1351,0.32723,1.8981
BGD,2024,2029,5,44.742,42.0653,47.4187,40.6433,48.8408,0.32723,2.0912
BGR,2024,2025,1,57.6129,56.1407,59.085,55.3586,59.8671,-0.06769,1.1501
BGR,2024,2026,2,57.5452,55.6434,59.4469,54.6331,60.4573,-0.06769,1.4858
BGR,2024,2027,3,57.4775,55.2267,59.7283,54.0309,60.9241,-0.06769,1.7585
BGR,2024,2028,4,57.4098,54.8572,59.9624,53.5012,61.3184,-0.06769,1.9942
BGR,2024,2029,5,57.3421,54.5199,60.1644,53.0205,61.6637,-0.06769,2.2049
BHR,2024,2025,1,45.4686,43.6215,47.3156,42.6402,48.2969,-0.57529,1.443
BHR,2024,2026,2,44.8933,42.3472,47.4393,40.9946,48.7919,-0.57529,1.9891
BHR,2024,2027,3,44.318,41.2271,47.4088,39.5851,49.0508,-0.57529,2.4147
BHR,2024,2028,4,43.7427,40.1896,47.2957,38.3021,49.1832,-0.57529,2.7758
BHR,2024,2029,5,43.1674,39.2057,47.129,37.1011,49.2337,-0.57529,3.095
BHS,2024,2025,1,69.6494,66.5719,72.7268,64.937,74.3617,2.9799,2.4043
BHS,2024,2026,2,72.6293,68.4294,76.8291,66.1982,79.0603,2.9799,3.2812
BHS,2024,2027,3,75.6092,70.5291,80.6893,67.8303,83.3881,2.9799,3.9688
BHS,2024,2028,4,78.5891,72.7602,84.4179,69.6636,87.5145,2.9799,4.5538
BHS,2024,2029,5,81.569,75.0771,88.0608,71.6284,91.5096,2.9799,5.0717
BIH,2024,2025,1,45.4425,43.1099,47.775,41.8707,49.0142,0.04239,1.8223
BIH,2024,2026,2,45.4848,42.5662,48.4035,41.0156,49.9541,0.04239,2.2802
BIH,2024,2027,3,45.5272,42.1219,48.9326,40.3127,50.7417,0.04239,2.6605
BIH,2024,2028,4,45.5696,41.7389,49.4004,39.7038,51.4354,0.04239,2.9928
BIH,2024,2029,5,45.612,41.3987,49.8254,39.1603,52.0637,0.04239,3.2917
BLR,2024,2025,1,40.8158,38.2604,43.3711,36.9029,44.7286,-0.92622,1.9963
BLR,2024,2026,2,39.8895,36.4382,43.3409,34.6047,45.1744,-0.92622,2.6963
BLR,2024,2027,3,38.9633,34.8048,43.1219,32.5956,45.3311,-0.92622,3.2488
BLR,2024,2028,4,38.0371,33.2753,42.799,30.7455,45.3287,-0.92622,3.7202
BLR,2024,2029,5,37.1109,31.814,42.4078,29.0,45.2217,-0.92622,4.1382
BLZ,2024,2025,1,35.3398,32.3495,38.3302,30.7608,39.9188,-1.10621,2.3362
BLZ,2024,2026,2,34.2336,30.1037,38.3636,27.9096,40.5576,-1.10621,3.2265
BLZ,2024,2027,3,33.1274,28.1104,38.1445,25.445,40.8098,-1.10621,3.9196
BLZ,2024,2028,4,32.0212,26.2519,37.7905,23.1869,40.8555,-1.10621,4.5073
BLZ,2024,2029,5,30.915,24.4808,37.3492,21.0626,40.7674,-1.10621,5.0268
BOL,2024,2025,1,36.3361,34.8126,37.8595,34.0033,38.6689,0.14309,1.1902
BOL,2024,2026,2,36.4792,34.5143,38.444,33.4705,39.4878,0.14309,1.535
BOL,2024,2027,3,36.6223,34.2984,38.9461,33.0638,40.1807,0.14309,1.8155
BOL,2024,2028,4,36.7653,34.131,39.3997,32.7314,40.7992,0.14309,2.0581
BOL,2024,2029,5,36.9084,33.9964,39.8204,32.4494,41.3674,0.14309,2.275
BRA,2024,2025,1,60.7835,59.9798,61.5872,59.5528,62.0141,0.03695,0.6279
BRA,2024,2026,2,60.8204,59.8025,61.8383,59.2618,62.379,0.03695,0.7952
BRA,2024,2027,3,60.8574,59.6631,62.0516,59.0287,62.686,0.03695,0.933
BRA,2024,2028,4,60.8943,59.5466,62.242,58.8306,62.958,0.03695,1.0529
BRA,2024,2029,5,60.9313,59.4458,62.4167,58.6567,63.2058,0.03695,1.1605
BRB,2024,2025,1,50.2797,47.0635,53.4959,45.3549,55.2045,0.20671,2.5127
BRB,2024,2026,2,50.4865,46.0444,54.9285,43.6846,57.2883,0.20671,3.4703
BRB,2024,2027,3,50.6932,45.297,56.0894,42.4302,58.9561,0.20671,4.2158
BRB,2024,2028,4,50.8999,44.6945,57.1052,41.3979,60.4018,0.20671,4.8479
BRB,2024,2029,5,51.1066,44.186,58.0271,40.5095,61.7037,0.20671,5.4067
BRN,2024,2025,1,57.4982,54.5603,60.4361,52.9995,61.9969,0.92617,2.2953
BRN,2024,2026,2,58.4244,54.6983,62.1504,52.7189,64.1299,0.92617,2.911
BRN,2024,2027,3,59.3505,54.9761,63.7249,52.6522,66.0488,0.92617,3.4175
BRN,2024,2028,4,60.2767,55.3384,65.215,52.7149,67.8385,0.92617,3.8581
BRN,2024,2029,5,61.2029,55.7587,66.6471,52.8664,69.5393,0.92617,4.2533
BTN,2024,2025,1,51.6992,49.5809,53.8175,48.4555,54.9429,0.86346,1.6549
BTN,2024,2026,2,52.5627,49.8227,55.3026,48.3672,56.7582,0.86346,2.1406
BTN,2024,2027,3,53.4261,50.1816,56.6706,48.458,58.3943,0.86346,2.5348
BTN,2024,2028,4,54.2896,50.609,57.9702,48.6537,59.9255,0.86346,2.8755
BTN,2024,2029,5,55.153,51.0829,59.2232,48.9206,61.3855,0.86346,3.1798
BWA,2024,2025,1,45.554,43.8591,47.2488,42.9587,48.1492,0.15997,1.3241
BWA,2024,2026,2,45.714,43.3686,48.0593,42.1226,49.3053,0.15997,1.8323
BWA,2024,2027,3,45.8739,43.0228,48.7251,41.5081,50.2398,0.15997,2.2275
BWA,2024,2028,4,46.0339,42.7541,49.3137,41.0117,51.0562,0.15997,2.5624
BWA,2024,2029,5,46.1939,42.5352,49.8525,40.5916,51.7962,0.15997,2.8583
CAF,2024,2025,1,10.4378,7.5977,13.2779,6.0889,14.7867,-1.17857,2.2188
CAF,2024,2026,2,9.2592,5.3937,13.1247,3.3402,15.1783,-1.17857,3.0199
CAF,2024,2027,3,8.0807,3.4097,12.7516,0.9283,15.2331,-1.17857,3.6492
CAF,2024,2028,4,6.9021,1.5454,12.2587,-1.3003,15.1045,-1.17857,4.1849
CAF,2024,2029,5,5.7235,-0.2405,11.6876,-3.4089,14.8559,-1.17857,4.6594
CAN,2024,2025,1,73.8679,72.782,74.9537,72.2052,75.5306,-0.36481,0.8483
CAN,2024,2026,2,73.5031,72.0142,74.992,71.2232,75.783,-0.36481,1.1632
CAN,2024,2027,3,73.1383,71.3342,74.9423,70.3758,75.9008,-0.36481,1.4094
CAN,2024,2028,4,72.7735,70.7016,74.8453,69.601,75.946,-0.36481,1.6186
CAN,2024,2029,5,72.4087,70.0999,74.7174,68.8734,75.9439,-0.36481,1.8037
CHE,2024,2025,1,73.6158,72.214,75.0176,71.4693,75.7624,-0.19693,1.0952
CHE,2024,2026,2,73.4189,71.5328,75.305,70.5308,76.307,-0.19693,1.4735
CHE,2024,2027,3,73.222,70.9527,75.4912,69.7472,76.6968,-0.19693,1.7729
CHE,2024,2028,4,73.025,70.4286,75.6215,69.0492,77.0009,-0.19693,2.0285
CHE,2024,2029,5,72.8281,69.9413,75.715,68.4076,77.2486,-0.19693,2.2554
CHL,2024,2025,1,62.3136,60.6117,64.0156,59.7075,64.9198,-0.51524,1.3297
CHL,2024,2026,2,61.7984,59.4598,64.137,58.2174,65.3794,-0.51524,1.827
CHL,2024,2027,3,61.2832,58.4475,64.1189,56.941,65.6254,-0.51524,2.2154
CHL,2024,2028,4,60.7679,57.5101,64.0258,55.7794,65.7565,-0.51524,2.5452
CHL,2024,2029,5,60.2527,56.6215,63.8839,54.6924,65.813,-0.51524,2.8369
CHN,2024,2025,1,76.997,73.2774,80.7167,71.3013,82.6927,1.88491,2.906
CHN,2024,2026,2,78.8819,73.9459,83.818,71.3236,86.4403,1.88491,3.8563
CHN,2024,2027,3,80.7669,74.8597,86.674,71.7216,89.8121,1.88491,4.6149
CHN,2024,2028,4,82.6518,75.9121,89.3914,72.3317,92.9719,1.88491,5.2654
CHN,2024,2029,5,84.5367,77.0566,92.0168,73.0828,95.9906,1.88491,5.8438
CIV,2024,2025,1,30.9045,27.6687,34.1403,25.9497,35.8593,-0.43153,2.528
CIV,2024,2026,2,30.473,26.2937,34.6522,24.0735,36.8724,-0.43153,3.265
CIV,2024,2027,3,30.0414,25.0956,34.9873,22.468,37.6148,-0.43153,3.864
CIV,2024,2028,4,29.6099,24.0012,35.2186,21.0216,38.1982,-0.43153,4.3818
CIV,2024,2029,5,29.1784,22.9773,35.3795,19.683,38.6738,-0.43153,4.8446
CMR,2024,2025,1,31.8692,30.5981,33.1403,29.9228,33.8156,0.47541,0.9931
CMR,2024,2026,2,32.3446,30.6872,34.002,29.8066,34.8826,0.47541,1.2949
CMR,2024,2027,3,32.82,30.8506,34.7894,29.8044,35.8357,0.47541,1.5386
CMR,2024,2028,4,33.2954,31.0571,35.5337,29.868,36.7228,0.47541,1.7487
CMR,2024,2029,5,33.7708,31.2927,36.249,29.9761,37.5655,0.47541,1.9361
COD,2024,2025,1,20.8804,18.9702,22.7907,17.9554,23.8055,-0.40308,1.4924
COD,2024,2026,2,20.4773,17.926,23.0287,16.5706,24.3841,-0.40308,1.9932
COD,2024,2027,3,20.0743,17.0133,23.1352,15.3871,24.7614,-0.40308,2.3914
COD,2024,2028,4,19.6712,16.1741,23.1683,14.3162,25.0262,-0.40308,2.7321
COD,2024,2029,5,19.2681,15.3835,23.1527,13.3198,25.2164,-0.40308,3.0349
COG,2024,2025,1,23.0652,21.594,24.5363,20.8125,25.3179,-0.75175,1.1493
COG,2024,2026,2,22.3134,20.314,24.3129,19.2518,25.3751,-0.75175,1.5621
COG,2024,2027,3,21.5617,19.1469,23.9765,17.864,25.2594,-0.75175,1.8866
COG,2024,2028,4,20.8099,18.0414,23.5785,16.5706,25.0493,-0.75175,2.1629
COG,2024,2029,5,20.0582,16.9762,23.1401,15.339,24.7774,-0.75175,2.4078
COL,2024,2025,1,53.8939,52.2038,55.5839,51.306,56.4817,-0.14491,1.3203
COL,2024,2026,2,53.749,51.6555,55.8424,50.5433,56.9546,-0.14491,1.6355
COL,2024,2027,3,53.604,51.1732,56.0349,49.8818,57.3263,-0.14491,1.8991
COL,2024,2028,4,53.4591,50.7323,56.1859,49.2837,57.6345,-0.14491,2.1303
COL,2024,2029,5,53.3142,50.3206,56.3079,48.7302,57.8982,-0.14491,2.3388
COM,2024,2025,1,26.043,24.3027,27.7833,23.3782,28.7079,-0.70144,1.3596
COM,2024,2026,2,25.3416,23.0079,27.6752,21.7682,28.915,-0.70144,1.8232
COM,2024,2027,3,24.6401,21.836,27.4443,20.3463,28.9339,-0.70144,2.1907
COM,2024,2028,4,23.9387,20.7324,27.145,19.0291,28.8483,-0.70144,2.5049
COM,2024,2029,5,23.2373,19.6739,26.8006,17.7809,28.6936,-0.70144,2.7839
CPV,2024,2025,1,41.1073,37.7303,44.4843,35.9363,46.2784,-0.70534,2.6383
CPV,2024,2026,2,40.402,35.8756,44.9284,33.4709,47.3331,-0.70534,3.5363
CPV,2024,2027,3,39.6967,34.2585,45.1348,31.3695,48.0238,-0.70534,4.2485
CPV,2024,2028,4,38.9913,32.7738,45.2089,29.4707,48.5119,-0.70534,4.8575
CPV,2024,2029,5,38.286,31.3764,45.1956,27.7057,48.8663,-0.70534,5.3981
CRI,2024,2025,1,53.1862,51.1807,55.1917,50.1152,56.2571,-0.73881,1.5668
CRI,2024,2026,2,52.4474,49.7602,55.1346,48.3326,56.5621,-0.73881,2.0994
CRI,2024,2027,3,51.7085,48.4805,54.9366,46.7657,56.6514,-0.73881,2.5219
CRI,2024,2028,4,50.9697,47.2793,54.6601,45.3188,56.6207,-0.73881,2.8831
CRI,2024,2029,5,50.2309,46.1299,54.3319,43.9513,56.5106,-0.73881,3.2039
CUB,2024,2025,1,44.3777,42.3664,46.3889,41.298,47.4573,1.17261,1.5713
CUB,2024,2026,2,45.5503,42.8659,48.2346,41.4398,49.6607,1.17261,2.0972
CUB,2024,2027,3,46.7229,43.5032,49.9426,41.7927,51.6531,1.17261,2.5154
CUB,2024,2028,4,47.8955,44.2175,51.5735,42.2636,53.5274,1.17261,2.8734
CUB,2024,2029,5,49.0681,44.983,53.1532,42.8128,55.3234,1.17261,3.1915
CYP,2024,2025,1,59.1103,56.7499,61.4706,55.4959,62.7246,-0.4041,1.844
CYP,2024,2026,2,58.7062,55.456,61.9563,53.7294,63.6829,-0.4041,2.5392
CYP,2024,2027,3,58.3021,54.358,62.2461,52.2628,64.3414,-0.4041,3.0813
CYP,2024,2028,4,57.898,53.365,62.4309,50.9569,64.839,-0.4041,3.5413
CYP,2024,2029,5,57.4939,52.4402,62.5475,49.7555,65.2323,-0.4041,3.9482
CZE,2024,2025,1,68.7856,67.5088,70.0624,66.8305,70.7406,-0.07043,0.9975
CZE,2024,2026,2,68.7152,67.0995,70.3309,66.2411,71.1892,-0.07043,1.2623
CZE,2024,2027,3,68.6447,66.7498,70.5397,65.7431,71.5464,-0.07043,1.4804
CZE,2024,2028,4,68.5743,66.4363,70.7123,65.3004,71.8482,-0.07043,1.6703
CZE,2024,2029,5,68.5039,66.1477,70.8601,64.896,72.1118,-0.07043,1.8408
DEU,2024,2025,1,88.2132,87.0178,89.4085,86.3828,90.0435,0.78648,0.9339
DEU,2024,2026,2,88.9996,87.4154,90.5838,86.5738,91.4255,0.78648,1.2377
DEU,2024,2027,3,89.7861,87.8912,91.681,86.8845,92.6877,0.78648,1.4804
DEU,2024,2028,4,90.5726,88.4112,92.734,87.263,93.8822,0.78648,1.6886
DEU,2024,2029,5,91.3591,88.9606,93.7575,87.6865,95.0317,0.78648,1.8738
DJI,2024,2025,1,29.2847,27.0965,31.4728,25.9341,32.6353,-0.87802,1.7095
DJI,2024,2026,2,28.4067,25.437,31.3763,23.8594,32.9539,-0.87802,2.32
DJI,2024,2027,3,27.5286,23.9441,31.1132,22.0398,33.0175,-0.87802,2.8004
DJI,2024,2028,4,26.6506,22.5421,30.7591,20.3595,32.9417,-0.87802,3.2097
DJI,2024,2029,5,25.7726,21.1998,30.3453,18.7706,32.7746,-0.87802,3.5725
DMA,2024,2025,1,39.8322,33.1069,46.5576,29.534,50.1304,-0.89554,5.2542
DMA,2024,2026,2,38.9367,29.645,48.2284,24.7087,53.1646,-0.89554,7.2591
DMA,2024,2027,3,38.0411,26.7521,49.3301,20.7548,55.3274,-0.89554,8.8195
DMA,2024,2028,4,37.1456,24.163,50.1282,17.266,57.0252,-0.89554,10.1426
DMA,2024,2029,5,36.25,21.7707,50.7294,14.0785,58.4216,-0.89554,11.312
DNK,2024,2025,1,73.3202,71.9339,74.7065,71.1974,75.4429,-0.38125,1.083
DNK,2024,2026,2,72.9389,71.0557,74.8222,70.0552,75.8226,-0.38125,1.4713
DNK,2024,2027,3,72.5577,70.2836,74.8317,69.0755,76.0398,-0.38125,1.7766
DNK,2024,2028,4,72.1764,69.5695,74.7834,68.1846,76.1683,-0.38125,2.0367
DNK,2024,2029,5,71.7952,68.8933,74.6971,67.3517,76.2387,-0.38125,2.2671
DOM,2024,2025,1,40.554,38.9503,42.1576,38.0984,43.0095,-0.05058,1.2528
DOM,2024,2026,2,40.5034,38.3373,42.6695,37.1866,43.8202,-0.05058,1.6922
DOM,2024,2027,3,40.4528,37.8428,43.0628,36.4562,44.4494,-0.05058,2.0391
DOM,2024,2028,4,40.4022,37.4135,43.391,35.8257,44.9787,-0.05058,2.3349
DOM,2024,2029,5,40.3517,37.0271,43.6762,35.2609,45.4424,-0.05058,2.5973
DZA,2024,2025,1,46.8062,45.0552,48.5572,44.1249,49.4874,0.47098,1.368
DZA,2024,2026,2,47.2772,44.8633,49.691,43.581,50.9734,0.47098,1.8858
DZA,2024,2027,3,47.7481,44.8177,50.6785,43.261,52.2353,0.47098,2.2894
DZA,2024,2028,4,48.2191,44.8505,51.5878,43.0609,53.3774,0.47098,2.6318
DZA,2024,2029,5,48.6901,44.934,52.4462,42.9385,54.4417,0.47098,2.9345
ECU,2024,2025,1,47.4241,45.7414,49.1068,44.8475,50.0008,0.23006,1.3146
ECU,2024,2026,2,47.6542,45.5181,49.7902,44.3834,50.925,0.23006,1.6688
ECU,2024,2027,3,47.8842,45.3755,50.393,44.0427,51.7257,0.23006,1.9599
ECU,2024,2028,4,48.1143,45.2815,50.9471,43.7765,52.452,0.23006,2.2131
ECU,2024,2029,5,48.3443,45.2209,51.4678,43.5616,53.1271,0.23006,2.4402
EGY,2024,2025,1,45.6517,44.0519,47.2515,43.202,48.1014,-0.20373,1.2499
EGY,2024,2026,2,45.448,43.2878,47.6082,42.1402,48.7558,-0.20373,1.6876
EGY,2024,2027,3,45.2442,42.6417,47.8468,41.259,49.2294,-0.20373,2.0333
EGY,2024,2028,4,45.0405,42.0605,48.0205,40.4774,49.6037,-0.20373,2.3281
EGY,2024,2029,5,44.8368,41.522,48.1515,39.7611,49.9125,-0.20373,2.5896
ERI,2024,2025,1,21.7081,19.6429,23.7732,18.5458,24.8703,0.50246,1.6134
ERI,2024,2026,2,22.2105,19.3974,25.0236,17.903,26.5181,0.50246,2.1977
ERI,2024,2027,3,22.713,19.3127,26.1133,17.5062,27.9198,0.50246,2.6565
ERI,2024,2028,4,23.2155,19.3153,27.1156,17.2434,29.1875,0.50246,3.047
ERI,2024,2029,5,23.7179,19.3751,28.0607,17.068,30.3678,0.50246,3.3928
ESP,2024,2025,1,82.9093,81.7343,84.0843,81.1101,84.7085,0.79499,0.918
ESP,2024,2026,2,83.7043,82.1501,85.2585,81.3244,86.0842,0.79499,1.2142
ESP,2024,2027,3,84.4993,82.6418,86.3568,81.655,87.3436,0.79499,1.4512
ESP,2024,2028,4,85.2943,83.1764,87.4121,82.0513,88.5372,0.79499,1.6546
ESP,2024,2029,5,86.0893,83.7398,88.4388,82.4916,89.6869,0.79499,1.8355
EST,2024,2025,1,63.8359,61.8354,65.8364,60.7726,66.8992,-0.65253,1.5629
EST,2024,2026,2,63.1834,60.5685,65.7983,59.1793,67.1874,-0.65253,2.0429
EST,2024,2027,3,62.5308,59.4207,65.641,57.7684,67.2933,-0.65253,2.4298
EST,2024,2028,4,61.8783,58.3415,65.4151,56.4626,67.294,-0.65253,2.7631
EST,2024,2029,5,61.2258,57.3086,65.143,55.2276,67.224,-0.65253,3.0603
ETH,2024,2025,1,39.7527,38.1812,41.3242,37.3463,42.1591,0.50841,1.2278
ETH,2024,2026,2,40.2611,38.1727,42.3495,37.0633,43.4589,0.50841,1.6316
ETH,2024,2027,3,40.7695,38.2689,43.2701,36.9405,44.5986,0.50841,1.9536
ETH,2024,2028,4,41.2779,38.4241,44.1318,36.9079,45.6479,0.50841,2.2296
ETH,2024,2029,5,41.7863,38.6183,44.9543,36.9353,46.6373,0.50841,2.475
FIN,2024,2025,1,71.1934,69.7132,72.6736,68.9268,73.4599,-0.49877,1.1564
FIN,2024,2026,2,70.6946,68.6507,72.7385,67.5649,73.8243,-0.49877,1.5968
FIN,2024,2027,3,70.1958,67.7131,72.6785,66.3942,73.9975,-0.49877,1.9396
FIN,2024,2028,4,69.6971,66.8422,72.5519,65.3256,74.0686,-0.49877,2.2304
FIN,2024,2029,5,69.1983,66.0145,72.3821,64.3231,74.0735,-0.49877,2.4873
FJI,2024,2025,1,40.5943,38.1605,43.0281,36.8675,44.3211,-0.45772,1.9014
FJI,2024,2026,2,40.1366,37.0199,43.2532,35.3642,44.9089,-0.45772,2.4349
FJI,2024,2027,3,39.6789,36.0042,43.3536,34.052,45.3057,-0.45772,2.8709
FJI,2024,2028,4,39.2211,35.0626,43.3797,32.8534,45.5889,-0.45772,3.2488
FJI,2024,2029,5,38.7634,34.1718,43.3551,31.7325,45.7944,-0.45772,3.5872
FRA,2024,2025,1,84.5014,83.4229,85.5799,82.8499,86.1528,0.51704,0.8426
FRA,2024,2026,2,85.0184,83.6503,86.3865,82.9235,87.1133,0.51704,1.0688
FRA,2024,2027,3,85.5355,83.9291,87.1418,83.0757,87.9952,0.51704,1.255
FRA,2024,2028,4,86.0525,84.239,87.866,83.2755,88.8295,0.51704,1.4168
FRA,2024,2029,5,86.5695,84.5702,88.5689,83.508,89.6311,0.51704,1.562
FSM,2024,2025,1,48.184,43.319,53.049,40.7345,55.6336,3.14942,3.8008
FSM,2024,2026,2,51.3334,44.724,57.9429,41.2128,61.4541,3.14942,5.1636
FSM,2024,2027,3,54.4829,46.5016,62.4641,42.2615,66.7042,3.14942,6.2354
FSM,2024,2028,4,57.6323,48.4826,66.782,43.6218,71.6428,3.14942,7.1482
FSM,2024,2029,5,60.7817,50.5967,70.9667,45.186,76.3774,3.14942,7.957
GAB,2024,2025,1,28.026,27.0201,29.0319,26.4857,29.5663,-0.60401,0.7859
GAB,2024,2026,2,27.422,26.0954,28.7486,25.3906,29.4534,-0.60401,1.0364
GAB,2024,2027,3,26.818,25.2343,28.4016,24.393,29.2429,-0.60401,1.2372
GAB,2024,2028,4,26.214,24.4096,28.0184,23.451,28.977,-0.60401,1.4097
GAB,2024,2029,5,25.61,23.609,27.611,22.546,28.674,-0.60401,1.5633
GBR,2024,2025,1,81.1169,80.2491,81.9847,79.7881,82.4457,-0.27105,0.678
GBR,2024,2026,2,80.8458,79.7109,81.9807,79.108,82.5836,-0.27105,0.8866
GBR,2024,2027,3,80.5748,79.2246,81.9249,78.5074,82.6422,-0.27105,1.0548
GBR,2024,2028,4,80.3037,78.7682,81.8392,77.9525,82.655,-0.27105,1.1996
GBR,2024,2029,5,80.0327,78.3319,81.7335,77.4283,82.637,-0.27105,1.3287
GEO,2024,2025,1,50.5332,48.0898,52.9766,46.7917,54.2746,-0.83313,1.9089
GEO,2024,2026,2,49.7,46.6591,52.7409,45.0437,54.3564,-0.83313,2.3757
GEO,2024,2027,3,48.8669,45.328,52.4058,43.4479,54.2859,-0.83313,2.7648
GEO,2024,2028,4,48.0338,44.0587,52.0088,41.947,54.1206,-0.83313,3.1055
GEO,2024,2029,5,47.2007,42.8328,51.5685,40.5124,53.8889,-0.83313,3.4124
GHA,2024,2025,1,42.7401,40.6993,44.781,39.6151,45.8652,-0.53551,1.5944
GHA,2024,2026,2,42.2046,39.523,44.8862,38.0984,46.3108,-0.53551,2.095
GHA,2024,2027,3,41.6691,38.4727,44.8655,36.7746,46.5636,-0.53551,2.4972
GHA,2024,2028,4,41.1336,37.4945,44.7727,35.5612,46.7059,-0.53551,2.843
GHA,2024,2029,5,40.5981,36.5646,44.6315,34.4218,46.7743,-0.53551,3.1512
GIN,2024,2025,1,24.5517,22.715,26.3883,21.7393,27.3641,-1.0119,1.4349
GIN,2024,2026,2,23.5398,21.125,25.9545,19.8422,27.2373,-1.0119,1.8865
GIN,2024,2027,3,22.5279,19.6489,25.4069,18.1194,26.9364,-1.0119,2.2492
GIN,2024,2028,4,21.516,18.2378,24.7941,16.4963,26.5357,-1.0119,2.5611
GIN,2024,2029,5,20.5041,16.8703,24.1378,14.9399,26.0682,-1.0119,2.8389
GMB,2024,2025,1,31.568,29.2447,33.8913,28.0104,35.1256,-0.6335,1.8151
GMB,2024,2026,2,30.9345,27.8579,34.0111,26.2234,35.6456,-0.6335,2.4036
GMB,2024,2027,3,30.301,26.6222,33.9797,24.6679,35.9341,-0.6335,2.874
GMB,2024,2028,4,29.6675,25.4722,33.8628,23.2434,36.0916,-0.6335,3.2776
GMB,2024,2029,5,29.034,24.379,33.689,21.9061,36.1619,-0.6335,3.6367
GNB,2024,2025,1,16.4107,14.3274,18.4941,13.2206,19.6009,-1.46654,1.6276
GNB,2024,2026,2,14.9442,12.1434,17.745,10.6554,19.233,-1.46654,2.1881
GNB,2024,2027,3,13.4777,10.1088,16.8465,8.3192,18.6361,-1.46654,2.6319
GNB,2024,2028,4,12.0111,8.1571,15.8651,6.1097,17.9125,-1.46654,3.0109
GNB,2024,2029,5,10.5446,6.26,14.8291,3.9839,17.1053,-1.46654,3.3473
GNQ,2024,2025,1,15.0648,12.945,17.1846,11.8189,18.3107,-0.6158,1.6561
GNQ,2024,2026,2,14.449,11.5423,17.3558,9.9981,18.9,-0.6158,2.2709
GNQ,2024,2027,3,13.8332,10.3112,17.3552,8.4401,19.2263,-0.6158,2.7516
GNQ,2024,2028,4,13.2174,9.1726,17.2622,7.0238,19.411,-0.6158,3.16
GNQ,2024,2029,5,12.6016,8.0943,17.1089,5.6998,19.5034,-0.6158,3.5213
GRC,2024,2025,1,69.8514,68.4704,71.2324,67.7367,71.966,0.66156,1.0789
GRC,2024,2026,2,70.5129,68.7056,72.3203,67.7454,73.2804,0.66156,1.412
GRC,2024,2027,3,71.1745,69.0237,73.3253,67.8811,74.4679,0.66156,1.6803
GRC,2024,2028,4,71.8361,69.3896,74.2826,68.0899,75.5823,0.66156,1.9113
GRC,2024,2029,5,72.4976,69.7875,75.2077,68.3477,76.6475,0.66156,2.1173
GRD,2024,2025,1,43.8716,41.4201,46.3231,40.1178,47.6254,-0.72442,1.9152
GRD,2024,2026,2,43.1472,39.7278,46.5666,37.9112,48.3831,-0.72442,2.6714
GRD,2024,2027,3,42.4227,38.2544,46.5911,36.04,48.8055,-0.72442,3.2565
GRD,2024,2028,4,41.6983,36.8965,46.5002,34.3455,49.0512,-0.72442,3.7514
GRD,2024,2029,5,40.9739,35.6129,46.3349,32.7649,49.1829,-0.72442,4.1883
GTM,2024,2025,1,33.903,32.1462,35.6598,31.2129,36.5931,-1.11175,1.3725
GTM,2024,2026,2,32.7913,30.4266,35.1559,29.1704,36.4121,-1.11175,1.8474
GTM,2024,2027,3,31.6795,28.8341,34.525,27.3224,36.0366,-1.11175,2.223
GTM,2024,2028,4,30.5678,27.3117,33.8238,25.582,35.5536,-1.11175,2.5438
GTM,2024,2029,5,29.456,25.8357,33.0764,23.9123,34.9997,-1.11175,2.8284
GUY,2024,2025,1,42.1813,40.1256,44.2371,39.0335,45.3292,-0.55624,1.6061
GUY,2024,2026,2,41.6251,38.8713,44.3789,37.4083,45.8419,-0.55624,2.1514
GUY,2024,2027,3,41.0689,37.7612,44.3766,36.004,46.1338,-0.55624,2.5841
GUY,2024,2028,4,40.5126,36.7314,44.2939,34.7226,46.3027,-0.55624,2.9541
GUY,2024,2029,5,39.9564,35.7546,44.1582,33.5223,46.3905,-0.55624,3.2827
HND,2024,2025,1,35.2158,33.5395,36.8921,32.6489,37.7826,-0.79183,1.3096
HND,2024,2026,2,34.4239,32.1479,36.7,30.9388,37.9091,-0.79183,1.7781
HND,2024,2027,3,33.6321,30.8843,36.3799,29.4245,37.8397,-0.79183,2.1467
HND,2024,2028,4,32.8403,29.6905,35.99,28.0172,37.6633,-0.79183,2.4607
HND,2024,2029,5,32.0484,28.5426,35.5543,26.6801,37.4168,-0.79183,2.739
HRV,2024,2025,1,60.7405,58.9253,62.5558,57.9609,63.5202,0.12041,1.4182
HRV,2024,2026,2,60.861,58.6095,63.1124,57.4134,64.3085,0.12041,1.759
HRV,2024,2027,3,60.9814,58.3654,63.5973,56.9757,64.987,0.12041,2.0437
HRV,2024,2028,4,61.1018,58.1663,64.0373,56.6068,65.5967,0.12041,2.2933
HRV,2024,2029,5,61.2222,57.9987,64.4457,56.2862,66.1582,0.12041,2.5184
HTI,2024,2025,1,16.5806,14.5582,18.6031,13.4838,19.6775,-1.51238,1.58
HTI,2024,2026,2,15.0683,12.4204,17.7161,11.0137,19.1228,-1.51238,2.0687
HTI,2024,2027,3,13.5559,10.4043,16.7074,8.7301,18.3817,-1.51238,2.4621
HTI,2024,2028,4,12.0435,8.4583,15.6286,6.5537,17.5333,-1.51238,2.8009
HTI,2024,2029,5,10.5311,6.5594,14.5028,4.4495,16.6128,-1.51238,3.1029
HUN,2024,2025,1,57.5087,56.0709,58.9465,55.307,59.7103,-0.09134,1.1233
HUN,2024,2026,2,57.4173,55.5,59.3347,54.4814,60.3532,-0.09134,1.4979
HUN,2024,2027,3,57.326,55.0271,59.6249,53.8058,60.8462,-0.09134,1.796
HUN,2024,2028,4,57.2347,54.6091,59.8603,53.2142,61.2551,-0.09134,2.0512
HUN,2024,2029,5,57.1433,54.2274,60.0592,52.6783,61.6083,-0.09134,2.2781
IDN,2024,2025,1,52.7735,50.5467,55.0003,49.3637,56.1832,-0.06404,1.7397
IDN,2024,2026,2,52.7094,49.9419,55.477,48.4716,56.9472,-0.06404,2.1621
IDN,2024,2027,3,52.6454,49.4267,55.8641,47.7168,57.574,-0.06404,2.5146
IDN,2024,2028,4,52.5814,48.9674,56.1953,47.0475,58.1153,-0.06404,2.8234
IDN,2024,2029,5,52.5173,48.5473,56.4874,46.4381,58.5965,-0.06404,3.1016
IND,2024,2025,1,67.2042,65.5807,68.8278,64.7181,69.6903,0.74038,1.2684
IND,2024,2026,2,67.9446,65.8976,69.9916,64.8102,71.079,0.74038,1.5992
IND,2024,2027,3,68.685,66.2883,71.0817,65.0151,72.3549,0.74038,1.8724
IND,2024,2028,4,69.4254,66.7238,72.1269,65.2887,73.562,0.74038,2.1106
IND,2024,2029,5,70.1657,67.1905,73.141,65.6099,74.7216,0.74038,2.3244
IRL,2024,2025,1,68.9007,67.4826,70.3188,66.7292,71.0721,-0.25575,1.1079
IRL,2024,2026,2,68.6449,66.7212,70.5686,65.6992,71.5906,-0.25575,1.5029
IRL,2024,2027,3,68.3892,66.0675,70.7109,64.8341,71.9443,-0.25575,1.8138
IRL,2024,2028,4,68.1334,65.4726,70.7943,64.0591,72.2078,-0.25575,2.0788
IRL,2024,2029,5,67.8777,64.9163,70.839,63.3431,72.4123,-0.25575,2.3136
IRN,2024,2025,1,52.9594,50.1568,55.7621,48.6678,57.251,0.63991,2.1896
IRN,2024,2026,2,53.5993,49.8633,57.3354,47.8785,59.3202,0.63991,2.9188
IRN,2024,2027,3,54.2392,49.7602,58.7182,47.3807,61.0977,0.63991,3.4992
IRN,2024,2028,4,54.8791,49.764,59.9943,47.0465,62.7117,0.63991,3.9962
IRN,2024,2029,5,55.519,49.8385,61.1996,46.8208,64.2173,0.63991,4.4379
IRQ,2024,2025,1,39.1436,36.4499,41.8373,35.0189,43.2683,0.06714,2.1044
IRQ,2024,2026,2,39.2107,35.7717,42.6497,33.9448,44.4767,0.06714,2.6867
IRQ,2024,2027,3,39.2779,35.2285,43.3272,33.0773,45.4784,0.06714,3.1636
IRQ,2024,2028,4,39.345,34.7659,43.9241,32.3333,46.3567,0.06714,3.5774
IRQ,2024,2029,5,39.4121,34.3585,44.4657,31.6738,47.1504,0.06714,3.9481
ISL,2024,2025,1,61.8645,59.5377,64.1913,58.3016,65.4274,-0.91628,1.8178
ISL,2024,2026,2,60.9482,57.7213,64.1751,56.007,65.8894,-0.91628,2.521
ISL,2024,2027,3,60.0319,56.1062,63.9577,54.0206,66.0433,-0.91628,3.067
ISL,2024,2028,4,59.1157,54.5979,63.6334,52.1978,66.0335,-0.91628,3.5295
ISL,2024,2029,5,58.1994,53.1586,63.2401,50.4807,65.918,-0.91628,3.9381
ISR,2024,2025,1,67.6259,66.1734,69.0783,65.4018,69.8499,-0.66919,1.1347
ISR,2024,2026,2,66.9567,64.9937,68.9196,63.9509,69.9625,-0.66919,1.5336
ISR,2024,2027,3,66.2875,63.9217,68.6533,62.6649,69.9101,-0.66919,1.8483
ISR,2024,2028,4,65.6183,62.9089,68.3276,61.4696,69.767,-0.66919,2.1167
ISR,2024,2029,5,64.9491,61.9351,67.9631,60.3339,69.5643,-0.66919,2.3547
ITA,2024,2025,1,84.77,83.2972,86.2429,82.5148,87.0253,0.84875,1.1506
ITA,2024,2026,2,85.6188,83.7317,87.5059,82.7291,88.5085,0.84875,1.4743
ITA,2024,2027,3,86.4675,84.2419,88.6932,83.0596,89.8755,0.84875,1.7388
ITA,2024,2028,4,87.3163,84.7973,89.8353,83.4591,91.1735,0.84875,1.968
ITA,2024,2029,5,88.1651,85.3834,90.9467,83.9057,92.4244,0.84875,2.1732
JAM,2024,2025,1,42.8796,40.3603,45.399,39.0219,46.7374,-1.34069,1.9682
JAM,2024,2026,2,41.5389,38.084,44.9939,36.2486,46.8293,-1.34069,2.6992
JAM,2024,2027,3,40.1982,36.0118,44.3846,33.7878,46.6087,-1.34069,3.2706
JAM,2024,2028,4,38.8575,34.0497,43.6654,31.4955,46.2196,-1.34069,3.7561
JAM,2024,2029,5,37.5169,32.1592,42.8745,29.3129,45.7208,-1.34069,4.1857
JOR,2024,2025,1,51.0609,49.7275,52.3942,49.0191,53.1026,0.07882,1.0417
JOR,2024,2026,2,51.1397,49.3642,52.9151,48.421,53.8583,0.07882,1.3871
JOR,2024,2027,3,51.2185,49.091,53.3461,47.9607,54.4763,0.07882,1.6622
JOR,2024,2028,4,51.2973,48.8682,53.7265,47.5777,55.017,0.07882,1.8978
JOR,2024,2029,5,51.3762,48.6789,54.0734,47.246,55.5063,0.07882,2.1072
JPN,2024,2025,1,79.7763,78.7183,80.8344,78.1562,81.3965,0.25542,0.8266
JPN,2024,2026,2,80.0317,78.7197,81.3438,78.0227,82.0408,0.25542,1.025
JPN,2024,2027,3,80.2872,78.7629,81.8114,77.9531,82.6212,0.25542,1.1908
JPN,2024,2028,4,80.5426,78.8322,82.253,77.9236,83.1616,0.25542,1.3362
JPN,2024,2029,5,80.798,78.9199,82.6761,77.9221,83.6739,0.25542,1.4673
KAZ,2024,2025,1,47.9481,45.7137,50.1824,44.5267,51.3694,0.27484,1.7456
KAZ,2024,2026,2,48.2229,45.4403,51.0055,43.962,52.4838,0.27484,2.1739
KAZ,2024,2027,3,48.4977,45.2583,51.7372,43.5374,53.4581,0.27484,2.5308
KAZ,2024,2028,4,48.7726,45.1333,52.4119,43.1999,54.3453,0.27484,2.8432
KAZ,2024,2029,5,49.0474,45.048,53.0468,42.9234,55.1715,0.27484,3.1245
KEN,2024,2025,1,40.5897,38.8968,42.2826,37.9974,43.182,-0.37038,1.3226
KEN,2024,2026,2,40.2193,37.9862,42.4525,36.7998,43.6388,-0.37038,1.7447
KEN,2024,2027,3,39.8489,37.1828,42.515,35.7665,43.9314,-0.37038,2.0829
KEN,2024,2028,4,39.4786,36.4406,42.5165,34.8267,44.1304,-0.37038,2.3734
KEN,2024,2029,5,39.1082,35.7392,42.4772,33.9494,44.267,-0.37038,2.632
KGZ,2024,2025,1,32.3127,30.5359,34.0895,29.592,35.0335,-1.36298,1.3881
KGZ,2024,2026,2,30.9497,28.5914,33.3081,27.3385,34.561,-1.36298,1.8425
KGZ,2024,2027,3,29.5868,26.7642,32.4093,25.2648,33.9088,-1.36298,2.2051
KGZ,2024,2028,4,28.2238,25.0033,31.4443,23.2924,33.1551,-1.36298,2.516
KGZ,2024,2029,5,26.8608,23.2864,30.4352,21.3875,32.3341,-1.36298,2.7925
KHM,2024,2025,1,35.8469,34.6311,37.0627,33.9852,37.7086,0.84954,0.9498
KHM,2024,2026,2,36.6964,35.0496,38.3433,34.1747,39.2182,0.84954,1.2866
KHM,2024,2027,3,37.546,35.5595,39.5325,34.5042,40.5878,0.84954,1.5519
KHM,2024,2028,4,38.3955,36.1195,40.6715,34.9104,41.8806,0.84954,1.7781
KHM,2024,2029,5,39.2451,36.7125,41.7777,35.367,43.1231,0.84954,1.9786
KIR,2024,2025,1,43.3646,40.4974,46.2317,38.9742,47.7549,2.2135,2.24
KIR,2024,2026,2,45.5781,41.7534,49.4027,39.7215,51.4346,2.2135,2.988
KIR,2024,2027,3,47.7916,43.2051,52.378,40.7686,54.8146,2.2135,3.5832
KIR,2024,2028,4,50.0051,44.7664,55.2437,41.9834,58.0267,2.2135,4.0927
KIR,2024,2029,5,52.2186,46.4004,58.0367,43.3096,61.1276,2.2135,4.5454
KNA,2024,2025,1,38.5761,35.7903,41.3619,34.3103,42.8419,0.61442,2.1764
KNA,2024,2026,2,39.1905,35.5958,42.7853,33.6861,44.695,0.61442,2.8084
KNA,2024,2027,3,39.8049,35.5525,44.0574,33.2933,46.3165,0.61442,3.3222
KNA,2024,2028,4,40.4194,35.5981,45.2406,33.0368,47.802,0.61442,3.7666
KNA,2024,2029,5,41.0338,35.704,46.3635,32.8726,49.1949,0.61442,4.1639
KOR,2024,2025,1,75.1165,73.8203,76.4128,73.1317,77.1014,0.23508,1.0127
KOR,2024,2026,2,75.3516,73.7323,76.9709,72.8721,77.8312,0.23508,1.2651
KOR,2024,2027,3,75.5867,73.6989,77.4746,72.6959,78.4775,0.23508,1.4749
KOR,2024,2028,4,75.8218,73.6991,77.9445,72.5714,79.0722,0.23508,1.6584
KOR,2024,2029,5,76.0569,73.7228,78.3909,72.4829,79.6309,0.23508,1.8235
KWT,2024,2025,1,54.0493,52.0957,56.0028,51.0579,57.0406,0.0935,1.5262
KWT,2024,2026,2,54.1428,51.5093,56.7763,50.1102,58.1754,0.0935,2.0574
KWT,2024,2027,3,54.2363,51.0654,57.4072,49.3809,59.0917,0.0935,2.4773
KWT,2024,2028,4,54.3298,50.7002,57.9593,48.772,59.8875,0.0935,2.8356
KWT,2024,2029,5,54.4233,50.3868,58.4597,48.2425,60.6041,0.0935,3.1535
LAO,2024,2025,1,29.2379,27.1921,31.2838,26.1053,32.3706,-0.2403,1.5983
LAO,2024,2026,2,28.9976,26.422,31.5733,25.0537,32.9416,-0.2403,2.0122
LAO,2024,2027,3,28.7573,25.7436,31.771,24.1426,33.3721,-0.2403,2.3545
LAO,2024,2028,4,28.517,25.1213,31.9128,23.3173,33.7168,-0.2403,2.6529
LAO,2024,2029,5,28.2767,24.5378,32.0157,22.5515,34.002,-0.2403,2.921
LBN,2024,2025,1,42.8223,41.3693,44.2754,40.5974,45.0473,-0.48668,1.1352
LBN,2024,2026,2,42.3357,40.4787,44.1926,39.4922,45.1791,-0.48668,1.4507
LBN,2024,2027,3,41.849,39.6615,44.0365,38.4994,45.1986,-0.48668,1.709
LBN,2024,2028,4,41.3623,38.888,43.8366,37.5736,45.151,-0.48668,1.933
LBN,2024,2029,5,40.8756,38.1445,43.6067,36.6936,45.0576,-0.48668,2.1337
LBR,2024,2025,1,27.8382,24.4872,31.1892,22.707,32.9694,-1.16157,2.618
LBR,2024,2026,2,26.6767,22.1161,31.2372,19.6933,33.6601,-1.16157,3.563
LBR,2024,2027,3,25.5151,20.0043,31.0259,17.0767,33.9535,-1.16157,4.3053
LBR,2024,2028,4,24.3535,18.0338,30.6732,14.6765,34.0306,-1.16157,4.9373
LBR,2024,2029,5,23.192,16.1557,30.2282,12.4177,33.9662,-1.16157,5.4971
LBY,2024,2025,1,32.4689,30.6171,34.3208,29.6333,35.3046,0.07929,1.4467
LBY,2024,2026,2,32.5482,30.124,34.9725,28.8361,36.2604,0.07929,1.894
LBY,2024,2027,3,32.6275,29.7422,35.5128,28.2094,37.0456,0.07929,2.2541
LBY,2024,2028,4,32.7068,29.4247,35.9889,27.681,37.7326,0.07929,2.5642
LBY,2024,2029,5,32.7861,29.1501,36.4221,27.2185,38.3537,0.07929,2.8406
LCA,2024,2025,1,49.8401,42.8277,56.8525,39.1023,60.5779,0.55971,5.4785
LCA,2024,2026,2,50.3998,41.1764,59.6233,36.2764,64.5232,0.55971,7.2058
LCA,2024,2027,3,50.9595,39.9609,61.9582,34.1179,67.8012,0.55971,8.5927
LCA,2024,2028,4,51.5192,38.9945,64.0439,32.3408,70.6977,0.55971,9.7849
LCA,2024,2029,5,52.0789,38.1949,65.9629,30.819,73.3388,0.55971,10.8469
LIE,2024,2025,1,66.4409,58.9309,73.951,54.9412,77.9407,-0.99362,5.8672
LIE,2024,2026,2,65.4473,55.0664,75.8283,49.5515,81.3431,-0.99362,8.1101
LIE,2024,2027,3,64.4537,51.8391,77.0683,45.1376,83.7697,-0.99362,9.8551
LIE,2024,2028,4,63.4601,48.9518,77.9684,41.2443,85.6759,-0.99362,11.3346
LIE,2024,2029,5,62.4665,46.2846,78.6484,37.688,87.245,-0.99362,12.6421
LKA,2024,2025,1,48.9954,47.5445,50.4462,46.7738,51.2169,0.34117,1.1335
LKA,2024,2026,2,49.3365,47.429,51.244,46.4157,52.2574,0.34117,1.4902
LKA,2024,2027,3,49.6777,47.4035,51.9519,46.1953,53.1601,0.34117,1.7767
LKA,2024,2028,4,50.0189,47.4293,52.6084,46.0537,53.9841,0.34117,2.0231
LKA,2024,2029,5,50.36,47.4896,53.2305,45.9647,54.7554,0.34117,2.2425
LSO,2024,2025,1,29.2541,26.05,32.4581,24.3479,34.1603,-1.37348,2.5032
LSO,2024,2026,2,27.8806,23.4706,32.2906,21.1278,34.6334,-1.37348,3.4453
LSO,2024,2027,3,26.5071,21.1564,31.8578,18.3139,34.7003,-1.37348,4.1802
LSO,2024,2028,4,25.1336,18.9845,31.2828,15.7178,34.5495,-1.37348,4.804
LSO,2024,2029,5,23.7602,16.905,30.6153,13.2632,34.2572,-1.37348,5.3556
LTU,2024,2025,1,62.3081,60.7022,63.9139,59.8491,64.767,-0.24486,1.2546
LTU,2024,2026,2,62.0632,60.0467,64.0798,58.9754,65.151,-0.24486,1.5754
LTU,2024,2027,3,61.8184,59.4616,64.1751,58.2096,65.4271,-0.24486,1.8412
LTU,2024,2028,4,61.5735,58.9199,64.2272,57.5101,65.6369,-0.24486,2.0732
LTU,2024,2029,5,61.3286,58.4081,64.2492,56.8566,65.8007,-0.24486,2.2817
LUX,2024,2025,1,62.3726,59.999,64.7463,58.738,66.0072,-0.73564,1.8544
LUX,2024,2026,2,61.637,58.361,64.913,56.6207,66.6533,-0.73564,2.5594
LUX,2024,2027,3,60.9014,56.9227,64.88,54.809,66.9937,-0.73564,3.1083
LUX,2024,2028,4,60.1657,55.591,64.7404,53.1607,67.1707,-0.73564,3.574
LUX,2024,2029,5,59.4301,54.3285,64.5316,51.6184,67.2418,-0.73564,3.9856
LVA,2024,2025,1,58.0245,55.8013,60.2478,54.6202,61.4288,-0.20806,1.7369
LVA,2024,2026,2,57.8165,54.931,60.7019,53.3981,62.2348,-0.20806,2.2543
LVA,2024,2027,3,57.6084,54.1866,61.0303,52.3687,62.8481,-0.20806,2.6733
LVA,2024,2028,4,57.4004,53.5155,61.2852,51.4517,63.3491,-0.20806,3.0351
LVA,2024,2029,5,57.1923,52.894,61.4906,50.6105,63.7741,-0.20806,3.358
MAR,2024,2025,1,51.2563,50.0214,52.4911,49.3654,53.1472,-0.01001,0.9647
MAR,2024,2026,2,51.2463,49.7179,52.7747,48.9059,53.5866,-0.01001,1.1941
MAR,2024,2027,3,51.2362,49.4622,53.0103,48.5198,53.9527,-0.01001,1.386
MAR,2024,2028,4,51.2262,49.2367,53.2158,48.1798,54.2727,-0.01001,1.5543
MAR,2024,2029,5,51.2162,49.0323,53.4001,47.8722,54.5603,-0.01001,1.7062
MCO,2024,2025,1,102.8018,88.4301,117.1735,80.7951,124.8085,8.16995,11.2279
MCO,2024,2026,2,110.9717,91.1256,130.8179,80.5823,141.3612,8.16995,15.5048
MCO,2024,2027,3,119.1417,95.0337,143.2497,82.2264,156.057,8.16995,18.8344
MCO,2024,2028,4,127.3116,99.5895,155.0338,84.8621,169.7612,8.16995,21.6579
MCO,2024,2029,5,135.4816,104.5649,166.3983,88.1404,182.8228,8.16995,24.1537
MDA,2024,2025,1,45.8984,43.9732,47.8236,42.9504,48.8464,-1.17563,1.5041
MDA,2024,2026,2,44.7228,42.1103,47.3352,40.7225,48.723,-1.17563,2.041
MDA,2024,2027,3,43.5471,40.3939,46.7004,38.7187,48.3755,-1.17563,2.4635
MDA,2024,2028,4,42.3715,38.7575,45.9855,36.8375,47.9055,-1.17563,2.8235
MDA,2024,2029,5,41.1959,37.1735,45.2182,35.0366,47.3551,-1.17563,3.1425
MDG,2024,2025,1,30.1482,28.2657,32.0308,27.2656,33.0309,-0.64056,1.4707
MDG,2024,2026,2,29.5077,26.9317,32.0837,25.5632,33.4522,-0.64056,2.0125
MDG,2024,2027,3,28.8671,25.7482,31.9861,24.0913,33.643,-0.64056,2.4367
MDG,2024,2028,4,28.2266,24.6461,31.807,22.744,33.7091,-0.64056,2.7972
MDG,2024,2029,5,27.586,23.5971,31.5749,21.478,33.694,-0.64056,3.1163
MDV,2024,2025,1,46.1314,44.4512,47.8115,43.5587,48.7041,0.09614,1.3126
MDV,2024,2026,2,46.2275,44.0188,48.4362,42.8454,49.6096,0.09614,1.7256
MDV,2024,2027,3,46.3236,43.6904,48.9569,42.2915,50.3558,0.09614,2.0572
MDV,2024,2028,4,46.4198,43.4215,49.4181,41.8287,51.0109,0.09614,2.3424
MDV,2024,2029,5,46.5159,43.1925,49.8394,41.4269,51.605,0.09614,2.5964
MEX,2024,2025,1,60.8154,60.1196,61.5112,59.7499,61.8809,0.00281,0.5436
MEX,2024,2026,2,60.8182,59.8928,61.7436,59.4012,62.2352,0.00281,0.723
MEX,2024,2027,3,60.821,59.7126,61.9294,59.1238,62.5183,0.00281,0.8659
MEX,2024,2028,4,60.8238,59.5586,62.089,58.8865,62.7612,0.00281,0.9884
MEX,2024,2029,5,60.8266,59.422,62.2313,58.6758,62.9775,0.00281,1.0974
MHL,2024,2025,1,24.4479,20.2123,28.6836,17.9621,30.9337,-2.10998,3.3091
MHL,2024,2026,2,22.3379,16.4587,28.2171,13.3354,31.3405,-2.10998,4.5931
MHL,2024,2027,3,20.228,13.0733,27.3826,9.2723,31.1836,-2.10998,5.5896
MHL,2024,2028,4,18.118,9.8831,26.3529,5.5083,30.7277,-2.10998,6.4335
MHL,2024,2029,5,16.008,6.819,25.197,1.9373,30.0787,-2.10998,7.1789
MKD,2024,2025,1,52.0805,49.5156,54.6454,48.153,56.008,-0.63524,2.0038
MKD,2024,2026,2,51.4453,48.2079,54.6827,46.488,56.4026,-0.63524,2.5292
MKD,2024,2027,3,50.81,47.0176,54.6025,45.0028,56.6173,-0.63524,2.9629
MKD,2024,2028,4,50.1748,45.8987,54.4509,43.6271,56.7226,-0.63524,3.3407
MKD,2024,2029,5,49.5396,44.8293,54.2499,42.3269,56.7522,-0.63524,3.6799
MLI,2024,2025,1,24.9912,22.7296,27.2528,21.5281,28.4543,-0.6361,1.7669
MLI,2024,2026,2,24.3551,21.2806,27.4297,19.6472,29.063,-0.6361,2.402
MLI,2024,2027,3,23.719,20.0054,27.4326,18.0326,29.4055,-0.6361,2.9012
MLI,2024,2028,4,23.0829,18.8252,27.3407,16.5632,29.6026,-0.6361,3.3264
MLI,2024,2029,5,22.4468,17.707,27.1867,15.1889,29.7048,-0.6361,3.703
MLT,2024,2025,1,57.6873,55.6344,59.7402,54.5438,60.8308,-0.21846,1.6038
MLT,2024,2026,2,57.4688,54.7348,60.2029,53.2823,61.6554,-0.21846,2.136
MLT,2024,2027,3,57.2504,53.9739,60.5269,52.2332,62.2675,-0.21846,2.5598
MLT,2024,2028,4,57.0319,53.2908,60.7731,51.3033,62.7605,-0.21846,2.9228
MLT,2024,2029,5,56.8135,52.6594,60.9676,50.4525,63.1744,-0.21846,3.2454
MMR,2024,2025,1,28.2678,25.5494,30.9862,24.1053,32.4303,-0.80531,2.1237
MMR,2024,2026,2,27.4625,23.9937,30.9313,22.1509,32.7741,-0.80531,2.71
MMR,2024,2027,3,26.6572,22.5736,30.7407,20.4042,32.9102,-0.80531,3.1903
MMR,2024,2028,4,25.8518,21.2346,30.4691,18.7817,32.922,-0.80531,3.6072
MMR,2024,2029,5,25.0465,19.9513,30.1418,17.2444,32.8487,-0.80531,3.9807
MNE,2024,2025,1,47.2763,42.4536,52.099,39.8915,54.6611,-0.71385,3.7678
MNE,2024,2026,2,46.5624,40.3333,52.7916,37.0241,56.1008,-0.71385,4.8665
MNE,2024,2027,3,45.8486,38.4767,53.2205,34.5603,57.1369,-0.71385,5.7593
MNE,2024,2028,4,45.1347,36.7748,53.4947,32.3336,57.9359,-0.71385,6.5312
MNE,2024,2029,5,44.4209,35.1779,53.6639,30.2676,58.5742,-0.71385,7.2211
MNG,2024,2025,1,45.0911,43.1162,47.0661,42.067,48.1152,-0.22523,1.5429
MNG,2024,2026,2,44.8659,42.1769,47.5549,40.7483,48.9835,-0.22523,2.1008
MNG,2024,2027,3,44.6407,41.3908,47.8905,39.6644,49.6169,-0.22523,2.5389
MNG,2024,2028,4,44.4154,40.6883,48.1426,38.7082,50.1226,-0.22523,2.9118
MNG,2024,2029,5,44.1902,40.0402,48.3402,37.8356,50.5448,-0.22523,3.2422
MOZ,2024,2025,1,26.6796,25.0353,28.3239,24.1618,29.1974,-0.51849,1.2846
MOZ,2024,2026,2,26.1611,23.9218,28.4004,22.7321,29.5901,-0.51849,1.7495
MOZ,2024,2027,3,25.6426,22.9361,28.3492,21.4982,29.787,-0.51849,2.1145
MOZ,2024,2028,4,25.1241,22.0199,28.2284,20.3708,29.8775,-0.51849,2.4252
MOZ,2024,2029,5,24.6056,21.1492,28.0621,19.3129,29.8984,-0.51849,2.7004
MRT,2024,2025,1,24.1741,22.3834,25.9647,21.4322,26.916,-0.75823,1.3989
MRT,2024,2026,2,23.4158,21.004,25.8277,19.7227,27.109,-0.75823,1.8843
MRT,2024,2027,3,22.6576,19.7546,25.5606,18.2123,27.1029,-0.75823,2.268
MRT,2024,2028,4,21.8994,18.577,25.2218,16.8119,26.9868,-0.75823,2.5956
MRT,2024,2029,5,21.1411,17.4467,24.8356,15.484,26.7983,-0.75823,2.8863
MUS,2024,2025,1,51.3107,49.398,53.2233,48.3819,54.2394,-0.56205,1.4943
MUS,2024,2026,2,50.7486,48.1704,53.3268,46.8008,54.6965,-0.56205,2.0142
MUS,2024,2027,3,50.1866,47.0824,53.2907,45.4333,54.9398,-0.56205,2.4251
MUS,2024,2028,4,49.6245,46.0714,53.1776,44.1838,55.0652,-0.56205,2.7759
MUS,2024,2029,5,49.0625,45.1111,53.0139,43.0119,55.113,-0.56205,3.087
MWI,2024,2025,1,33.8786,32.2646,35.4927,31.4071,36.3502,-0.27768,1.261
MWI,2024,2026,2,33.601,31.3814,35.8205,30.2022,36.9997,-0.27768,1.734
MWI,2024,2027,3,33.3233,30.6311,36.0155,29.2009,37.4457,-0.27768,2.1033
MWI,2024,2028,4,33.0456,29.9522,36.139,28.3088,37.7824,-0.27768,2.4167
MWI,2024,2029,5,32.7679,29.3197,36.2161,27.4878,38.048,-0.27768,2.6939
MYS,2024,2025,1,58.783,56.8687,60.6973,55.8517,61.7142,-0.1665,1.4955
MYS,2024,2026,2,58.6165,56.2454,60.9875,54.9858,62.2471,-0.1665,1.8524
MYS,2024,2027,3,58.45,55.697,61.203,54.2344,62.6655,-0.1665,2.1508
MYS,2024,2028,4,58.2835,55.1954,61.3716,53.5548,63.0121,-0.1665,2.4126
MYS,2024,2029,5,58.117,54.7268,61.5072,52.9257,63.3082,-0.1665,2.6486
NAM,2024,2025,1,39.7325,37.2687,42.1963,35.9598,43.5052,-0.8147,1.9248
NAM,2024,2026,2,38.9178,35.587,42.2487,33.8175,44.0182,-0.8147,2.6022
NAM,2024,2027,3,38.1031,34.0883,42.1179,31.9554,44.2508,-0.8147,3.1366
NAM,2024,2028,4,37.2884,32.6903,41.8866,30.2475,44.3293,-0.8147,3.5923
NAM,2024,2029,5,36.4737,31.3583,41.5891,28.6408,44.3067,-0.8147,3.9964
NER,2024,2025,1,27.3338,25.8797,28.788,25.1072,29.5605,-1.02641,1.136
NER,2024,2026,2,26.3074,24.4124,28.2025,23.4056,29.2092,-1.02641,1.4805
NER,2024,2027,3,25.281,23.0298,27.5322,21.8338,28.7282,-1.02641,1.7588
NER,2024,2028,4,24.2546,21.6963,26.8129,20.3373,28.1719,-1.02641,1.9986
NER,2024,2029,5,23.2282,20.396,26.0604,18.8914,27.565,-1.02641,2.2127
NGA,2024,2025,1,31.7291,30.2871,33.1711,29.521,33.9371,-0.37162,1.1266
NGA,2024,2026,2,31.3574,29.4645,33.2504,28.4588,34.2561,-0.37162,1.4789
NGA,2024,2027,3,30.9858,28.7303,33.2413,27.5321,34.4396,-0.37162,1.7621
NGA,2024,2028,4,30.6142,28.0469,33.1816,26.6829,34.5455,-0.37162,2.0057
NGA,2024,2029,5,30.2426,27.3974,33.0878,25.8858,34.5993,-0.37162,2.2228
NIC,2024,2025,1,28.7634,27.4136,30.1132,26.6965,30.8303,-0.81651,1.0546
NIC,2024,2026,2,27.9469,26.2001,29.6937,25.2721,30.6217,-0.81651,1.3647
NIC,2024,2027,3,27.1304,25.0614,29.1994,23.9622,30.2986,-0.81651,1.6164
NIC,2024,2028,4,26.3139,23.9665,28.6613,22.7194,29.9083,-0.81651,1.8339
NIC,2024,2029,5,25.4974,22.9013,28.0934,21.5221,29.4726,-0.81651,2.0282
NLD,2024,2025,1,73.9847,72.2909,75.6785,71.391,76.5784,-0.16111,1.3233
NLD,2024,2026,2,73.8236,71.4774,76.1697,70.231,77.4161,-0.16111,1.8329
NLD,2024,2027,3,73.6625,70.8094,76.5155,69.2938,78.0312,-0.16111,2.2289
NLD,2024,2028,4,73.5014,70.2188,76.7839,68.4749,78.5278,-0.16111,2.5645
NLD,2024,2029,5,73.3403,69.6782,77.0023,67.7327,78.9478,-0.16111,2.861
NOR,2024,2025,1,73.0719,72.0187,74.125,71.4593,74.6845,-0.01013,0.8228
NOR,2024,2026,2,73.0617,71.7279,74.3956,71.0193,75.1042,-0.01013,1.0421
NOR,2024,2027,3,73.0516,71.4866,74.6166,70.6552,75.448,-0.01013,1.2227
NOR,2024,2028,4,73.0415,71.2753,74.8077,70.337,75.7459,-0.01013,1.3798
NOR,2024,2029,5,73.0313,71.0847,74.978,70.0505,76.0122,-0.01013,1.5208
NPL,2024,2025,1,41.8626,39.9928,43.7324,38.9995,44.7257,0.4255,1.4608
NPL,2024,2026,2,42.2881,39.9033,44.6728,38.6364,45.9397,0.4255,1.8631
NPL,2024,2027,3,42.7136,39.9068,45.5203,38.4157,47.0115,0.4255,2.1928
NPL,2024,2028,4,43.1391,39.9659,46.3122,38.2802,47.998,0.4255,2.479
NPL,2024,2029,5,43.5646,40.0631,47.066,38.203,48.9261,0.4255,2.7355
NRU,2023,2024,1,72.1662,47.4059,96.9265,34.252,110.0804,6.21801,19.344
NRU,2023,2025,2,78.3842,44.1805,112.5879,26.0097,130.7587,6.21801,26.7217
NRU,2023,2026,3,84.6022,43.0484,126.156,20.9729,148.2315,6.21801,32.4639
NRU,2023,2027,4,90.8202,43.0338,138.6066,17.6472,163.9932,6.21801,37.3331
NRU,2023,2028,5,97.0382,43.7431,150.3333,15.4301,178.6463,6.21801,41.6368
NZL,2024,2025,1,67.157,66.165,68.149,65.638,68.6761,-0.75592,0.775
NZL,2024,2026,2,66.4011,65.0472,67.755,64.3279,68.4743,-0.75592,1.0577
NZL,2024,2027,3,65.6452,64.0075,67.2829,63.1375,68.1529,-0.75592,1.2794
NZL,2024,2028,4,64.8893,63.0102,66.7684,62.0119,67.7666,-0.75592,1.468
NZL,2024,2029,5,64.1334,62.0405,66.2262,60.9287,67.338,-0.75592,1.635
OMN,2024,2025,1,48.4317,47.0068,49.8566,46.2498,50.6136,-0.43302,1.1132
OMN,2024,2026,2,47.9987,46.1472,49.8502,45.1636,50.8338,-0.43302,1.4465
OMN,2024,2027,3,47.5657,45.369,49.7624,44.202,50.9294,-0.43302,1.7162
OMN,2024,2028,4,47.1327,44.638,49.6273,43.3128,50.9526,-0.43302,1.9489
OMN,2024,2029,5,46.6996,43.9391,49.4602,42.4725,50.9268,-0.43302,2.1567
PAK,2024,2025,1,40.0238,38.7279,41.3197,38.0394,42.0082,-0.13401,1.0124
PAK,2024,2026,2,39.8898,38.2713,41.5082,37.4115,42.368,-0.13401,1.2644
PAK,2024,2027,3,39.7557,37.8691,41.6424,36.8668,42.6447,-0.13401,1.4739
PAK,2024,2028,4,39.6217,37.5006,41.7429,36.3737,42.8698,-0.13401,1.6572
PAK,2024,2029,5,39.4877,37.1555,41.82,35.9165,43.059,-0.13401,1.8221
PAN,2024,2025,1,44.1405,41.8582,46.4228,40.6457,47.6353,-0.8815,1.7831
PAN,2024,2026,2,43.259,40.1189,46.399,38.4508,48.0672,-0.8815,2.4532
PAN,2024,2027,3,42.3775,38.5682,46.1868,36.5445,48.2105,-0.8815,2.976
PAN,2024,2028,4,41.496,37.1186,45.8734,34.7931,48.1989,-0.8815,3.4199
PAN,2024,2029,5,40.6145,35.7347,45.4943,33.1423,48.0867,-0.8815,3.8124
PER,2024,2025,1,51.8388,50.3913,53.2864,49.6223,54.0554,-0.13422,1.1309
PER,2024,2026,2,51.7046,49.8246,53.5846,48.8259,54.5834,-0.13422,1.4687
PER,2024,2027,3,51.5704,49.3403,53.8005,48.1556,54.9852,-0.13422,1.7423
PER,2024,2028,4,51.4362,48.9039,53.9684,47.5587,55.3137,-0.13422,1.9783
PER,2024,2029,5,51.302,48.5,54.104,47.0114,55.5925,-0.13422,2.1891
PHL,2024,2025,1,48.0888,46.109,50.0687,45.0572,51.1205,-0.03547,1.5468
PHL,2024,2026,2,48.0533,45.5276,50.5791,44.1857,51.921,-0.03547,1.9733
PHL,2024,2027,3,48.0179,45.0448,50.991,43.4653,52.5705,-0.03547,2.3227
PHL,2024,2028,4,47.9824,44.621,51.3438,42.8352,53.1296,-0.03547,2.6261
PHL,2024,2029,5,47.9469,44.2376,51.6563,42.267,53.6268,-0.03547,2.8979
PLW,2024,2025,1,25.6741,19.862,31.4861,16.7744,34.5737,-3.00901,4.5406
PLW,2024,2026,2,22.6651,14.6279,30.7022,10.3581,34.972,-3.00901,6.279
PLW,2024,2027,3,19.6561,9.8881,29.424,4.6989,34.6132,-3.00901,7.6312
PLW,2024,2028,4,16.647,5.4119,27.8822,-0.5568,33.8509,-3.00901,8.7775
PLW,2024,2029,5,13.638,1.1062,26.1698,-5.5513,32.8274,-3.00901,9.7905
PNG,2024,2025,1,27.9772,24.7037,31.2508,22.9646,32.9898,-1.21603,2.5575
PNG,2024,2026,2,26.7612,22.3217,31.2007,19.9632,33.5592,-1.21603,3.4684
PNG,2024,2027,3,25.5452,20.1877,30.9026,17.3416,33.7487,-1.21603,4.1855
PNG,2024,2028,4,24.3291,18.1895,30.4688,14.9278,33.7304,-1.21603,4.7966
PNG,2024,2029,5,23.1131,16.2802,29.946,12.6503,33.5759,-1.21603,5.3382
POL,2024,2025,1,64.1382,62.7196,65.5568,61.9659,66.3104,-0.17545,1.1083
POL,2024,2026,2,63.9627,62.1211,65.8044,61.1427,66.7828,-0.17545,1.4388
POL,2024,2027,3,63.7873,61.603,65.9716,60.4426,67.132,-0.17545,1.7065
POL,2024,2028,4,63.6118,61.1318,66.0919,59.8143,67.4094,-0.17545,1.9375
POL,2024,2029,5,63.4364,60.6923,66.1805,59.2345,67.6383,-0.17545,2.1438
PRK,2024,2025,1,26.092,24.1476,28.0364,23.1146,29.0694,0.72672,1.5191
PRK,2024,2026,2,26.8187,24.2839,29.3536,22.9373,30.7002,0.72672,1.9803
PRK,2024,2027,3,27.5454,24.5338,30.5571,22.9339,32.157,0.72672,2.3528
PRK,2024,2028,4,28.2722,24.8495,31.6948,23.0312,33.5131,0.72672,2.6739
PRK,2024,2029,5,28.9989,25.2095,32.7882,23.1964,34.8013,0.72672,2.9604
PRT,2024,2025,1,71.3916,70.2336,72.5497,69.6184,73.1649,0.28375,0.9047
PRT,2024,2026,2,71.6754,70.1685,73.1823,69.368,73.9828,0.28375,1.1772
PRT,2024,2027,3,71.9591,70.1702,73.7481,69.2199,74.6984,0.28375,1.3976
PRT,2024,2028,4,72.2429,70.2107,74.2751,69.1311,75.3547,0.28375,1.5877
PRT,2024,2029,5,72.5266,70.2773,74.776,69.0824,75.9709,0.28375,1.7573
PRY,2024,2025,1,38.9472,37.1282,40.7662,36.1619,41.7325,-0.69194,1.4211
PRY,2024,2026,2,38.2553,35.8809,40.6296,34.6195,41.891,-0.69194,1.855
PRY,2024,2027,3,37.5633,34.7408,40.3858,33.2414,41.8853,-0.69194,2.2051
PRY,2024,2028,4,36.8714,33.6628,40.08,31.9582,41.7846,-0.69194,2.5067
PRY,2024,2029,5,36.1794,32.6264,39.7325,30.7388,41.6201,-0.69194,2.7758
QAT,2024,2025,1,50.1894,48.0726,52.3061,46.9481,53.4307,-0.10843,1.6537
QAT,2024,2026,2,50.081,47.4184,52.7435,46.0039,54.158,-0.10843,2.0801
QAT,2024,2027,3,49.9725,46.8584,53.0867,45.204,54.7411,-0.10843,2.4329
QAT,2024,2028,4,49.8641,46.356,53.3722,44.4924,55.2359,-0.10843,2.7407
QAT,2024,2029,5,49.7557,45.8936,53.6177,43.8419,55.6694,-0.10843,3.0172
ROU,2024,2025,1,61.0766,59.0691,63.0841,58.0026,64.1506,0.14757,1.5684
ROU,2024,2026,2,61.2242,58.7251,63.7233,57.3975,65.0509,0.14757,1.9524
ROU,2024,2027,3,61.3718,58.4631,64.2805,56.9178,65.8257,0.14757,2.2724
ROU,2024,2028,4,61.5193,58.252,64.7867,56.5162,66.5225,0.14757,2.5526
ROU,2024,2029,5,61.6669,58.0765,65.2573,56.1692,67.1647,0.14757,2.805
RUS,2024,2025,1,57.5296,54.9304,60.1289,53.5495,61.5097,0.26901,2.0307
RUS,2024,2026,2,57.7986,54.2669,61.3303,52.3906,63.2066,0.26901,2.7592
RUS,2024,2027,3,58.0676,53.8026,62.3326,51.5368,64.5984,0.26901,3.332
RUS,2024,2028,4,58.3366,53.4471,63.2261,50.8496,65.8237,0.26901,3.8199
RUS,2024,2029,5,58.6056,53.1628,64.0485,50.2713,66.94,0.26901,4.2522
RWA,2024,2025,1,37.9947,34.7086,41.2808,32.9628,43.0265,-0.52182,2.5673
RWA,2024,2026,2,37.4728,33.3984,41.5473,31.2338,43.7119,-0.52182,3.1832
RWA,2024,2027,3,36.951,32.2177,41.6844,29.7031,44.1989,-0.52182,3.6979
RWA,2024,2028,4,36.4292,31.1181,41.7403,28.2966,44.5618,-0.52182,4.1493
RWA,2024,2029,5,35.9074,30.0756,41.7392,26.9774,44.8374,-0.52182,4.5561
SAU,2024,2025,1,54.6072,51.9473,57.2671,50.5343,58.6802,0.62042,2.078
SAU,2024,2026,2,55.2276,51.6738,58.7815,49.7858,60.6695,0.62042,2.7765
SAU,2024,2027,3,55.848,51.5837,60.1124,49.3182,62.3779,0.62042,3.3315
SAU,2024,2028,4,56.4685,51.5961,61.3408,49.0077,63.9293,0.62042,3.8065
SAU,2024,2029,5,57.0889,51.6764,62.5013,48.8011,65.3767,0.62042,4.2285
SDN,2024,2025,1,25.4621,23.6245,27.2997,22.6483,28.2759,-0.47944,1.4356
SDN,2024,2026,2,24.9827,22.4836,27.4818,21.156,28.8094,-0.47944,1.9524
SDN,2024,2027,3,24.5033,21.4843,27.5222,19.8805,29.126,-0.47944,2.3586
SDN,2024,2028,4,24.0238,20.5622,27.4854,18.7232,29.3244,-0.47944,2.7044
SDN,2024,2029,5,23.5444,19.6906,27.3981,17.6433,29.4454,-0.47944,3.0107
SEN,2024,2025,1,41.2992,39.7883,42.8101,38.9856,43.6127,-0.25086,1.1804
SEN,2024,2026,2,41.0483,39.0412,43.0554,37.975,44.1216,-0.25086,1.568
SEN,2024,2027,3,40.7974,38.3946,43.2003,37.118,44.4768,-0.25086,1.8772
SEN,2024,2028,4,40.5466,37.8044,43.2887,36.3477,44.7455,-0.25086,2.1423
SEN,2024,2029,5,40.2957,37.2519,43.3395,35.6349,44.9566,-0.25086,2.378
SGP,2024,2025,1,67.145,66.0228,68.2671,65.4267,68.8632,-0.77945,0.8767
SGP,2024,2026,2,66.3655,64.851,67.8801,64.0464,68.6847,-0.77945,1.1832
SGP,2024,2027,3,65.5861,63.7616,67.4105,62.7924,68.3797,-0.77945,1.4253
SGP,2024,2028,4,64.8066,62.7178,66.8954,61.6081,68.0051,-0.77945,1.6319
SGP,2024,2029,5,64.0272,61.7038,66.3505,60.4696,67.5848,-0.77945,1.8151
SLB,2024,2025,1,38.9933,36.8386,41.1479,35.6939,42.2926,0.16221,1.6833
SLB,2024,2026,2,39.1555,36.3803,41.9307,34.906,43.405,0.16221,2.1681
SLB,2024,2027,3,39.3177,36.0373,42.5981,34.2946,44.3408,0.16221,2.5628
SLB,2024,2028,4,39.4799,35.7624,43.1974,33.7875,45.1724,0.16221,2.9043
SLB,2024,2029,5,39.6421,35.5337,43.7505,33.3511,45.9331,0.16221,3.2097
SLE,2024,2025,1,24.1633,21.7896,26.537,20.5285,27.7981,-0.95795,1.8545
SLE,2024,2026,2,23.2053,20.2007,26.21,18.6044,27.8062,-0.95795,2.3474
SLE,2024,2027,3,22.2474,18.723,25.7718,16.8506,27.6441,-0.95795,2.7534
SLE,2024,2028,4,21.2894,17.3126,25.2662,15.2,27.3789,-0.95795,3.1069
SLE,2024,2029,5,20.3315,15.9488,24.7142,13.6204,27.0426,-0.95795,3.424
SLV,2024,2025,1,35.4832,33.7823,37.184,32.8787,38.0876,-0.90557,1.3288
SLV,2024,2026,2,34.5776,32.2606,36.8946,31.0296,38.1256,-0.90557,1.8102
SLV,2024,2027,3,33.672,30.8712,36.4728,29.3833,37.9607,-0.90557,2.1881
SLV,2024,2028,4,32.7665,29.554,35.9789,27.8473,37.6856,-0.90557,2.5098
SLV,2024,2029,5,31.8609,28.2838,35.438,26.3834,37.3383,-0.90557,2.7946
SMR,2024,2025,1,37.5272,26.4735,48.5809,20.6012,54.4532,-2.7783,8.6357
SMR,2024,2026,2,34.7489,19.7098,49.788,11.7202,57.7775,-2.7783,11.7493
SMR,2024,2027,3,31.9706,13.8001,50.141,4.1471,59.794,-2.7783,14.1956
SMR,2024,2028,4,29.1923,8.3559,50.0286,-2.7134,61.098,-2.7783,16.2784
SMR,2024,2029,5,26.414,3.216,49.6119,-9.1079,61.9358,-2.7783,18.1234
SOM,2024,2025,1,5.0352,1.2775,8.7928,-0.7187,10.7891,-1.83293,2.9357
SOM,2024,2026,2,3.2022,-1.937,8.3415,-4.6673,11.0718,-1.83293,4.0151
SOM,2024,2027,3,1.3693,-4.852,7.5906,-8.1571,10.8957,-1.83293,4.8604
SOM,2024,2028,4,-0.4636,-7.6048,6.6776,-11.3986,10.4714,-1.83293,5.5791
SOM,2024,2029,5,-2.2965,-10.252,5.6589,-14.4784,9.8853,-1.83293,6.2152
SRB,2024,2025,1,53.277,47.7151,58.8389,44.7603,61.7936,-0.07445,4.3452
SRB,2024,2026,2,53.2025,45.9737,60.4313,42.1335,64.2716,-0.07445,5.6475
SRB,2024,2027,3,53.1281,44.5504,61.7057,39.9936,66.2626,-0.07445,6.7013
SRB,2024,2028,4,53.0536,43.3121,62.7951,38.137,67.9702,-0.07445,7.6105
SRB,2024,2029,5,52.9792,42.1988,63.7595,36.4717,69.4866,-0.07445,8.4222
SSD,2024,2025,1,24.8805,22.634,27.1271,21.4405,28.3206,0.7228,1.7551
SSD,2024,2026,2,25.6033,22.6229,28.5838,21.0396,30.1671,0.7228,2.3284
SSD,2024,2027,3,26.3261,22.7598,29.8925,20.8652,31.7871,0.7228,2.7862
SSD,2024,2028,4,27.049,22.9802,31.1177,20.8187,33.2792,0.7228,3.1787
SSD,2024,2029,5,27.7718,23.2562,32.2873,20.8573,34.6862,0.7228,3.5278
STP,2024,2025,1,53.1993,49.3814,57.0172,47.3531,59.0455,2.66968,2.9827
STP,2024,2026,2,55.869,50.812,60.9259,48.1255,63.6125,2.66968,3.9507
STP,2024,2027,3,58.5387,52.4914,64.5859,49.2788,67.7985,2.66968,4.7244
STP,2024,2028,4,61.2084,54.3116,68.1051,50.6477,71.769,2.66968,5.3881
STP,2024,2029,5,63.878,56.2255,71.5306,52.1601,75.596,2.66968,5.9786
SUR,2024,2025,1,38.8602,37.6287,40.0917,36.9745,40.7459,-0.06979,0.9621
SUR,2024,2026,2,38.7904,37.1862,40.3946,36.334,41.2468,-0.06979,1.2533
SUR,2024,2027,3,38.7206,36.8153,40.6259,35.8031,41.6381,-0.06979,1.4885
SUR,2024,2028,4,38.6508,36.4859,40.8158,35.3357,41.9659,-0.06979,1.6914
SUR,2024,2029,5,38.581,36.1844,40.9777,34.9112,42.2509,-0.06979,1.8724
SVK,2024,2025,1,60.6678,58.8175,62.518,57.8346,63.501,0.14689,1.4455
SVK,2024,2026,2,60.8147,58.3881,63.2413,57.0989,64.5304,0.14689,1.8958
SVK,2024,2027,3,60.9615,58.0713,63.8518,56.5359,65.3872,0.14689,2.258
SVK,2024,2028,4,61.1084,57.8193,64.3975,56.072,66.1449,0.14689,2.5696
SVK,2024,2029,5,61.2553,57.6107,64.8999,55.6745,66.8361,0.14689,2.8474
SVN,2024,2025,1,61.9535,59.9093,63.9978,58.8233,65.0838,-0.33186,1.5971
SVN,2024,2026,2,61.6217,58.8825,64.3608,57.4274,65.816,-0.33186,2.14
SVN,2024,2027,3,61.2898,57.9994,64.5802,56.2514,66.3283,-0.33186,2.5706
SVN,2024,2028,4,60.958,57.1962,64.7197,55.1978,66.7182,-0.33186,2.9389
SVN,2024,2029,5,60.6261,56.4458,64.8064,54.225,67.0272,-0.33186,3.2659
SWE,2024,2025,1,74.3203,72.5344,76.1061,71.5856,77.0549,-0.33615,1.3952
SWE,2024,2026,2,73.9841,71.5372,76.431,70.2373,77.7309,-0.33615,1.9116
SWE,2024,2027,3,73.648,70.684,76.612,69.1094,78.1866,-0.33615,2.3156
SWE,2024,2028,4,73.3118,69.9084,76.7152,68.1004,78.5233,-0.33615,2.6589
SWE,2024,2029,5,72.9757,69.1834,76.7679,67.1688,78.7825,-0.33615,2.9627
SWZ,2024,2025,1,32.3216,30.5439,34.0992,29.5995,35.0436,-0.51371,1.3888
SWZ,2024,2026,2,31.8079,29.3754,34.2403,28.0832,35.5326,-0.51371,1.9004
SWZ,2024,2027,3,31.2942,28.3491,34.2393,26.7845,35.8038,-0.51371,2.3009
SWZ,2024,2028,4,30.7804,27.3996,34.1613,25.6035,35.9574,-0.51371,2.6413
SWZ,2024,2029,5,30.2667,26.5002,34.0333,24.4992,36.0343,-0.51371,2.9426
SYC,2024,2025,1,44.1917,41.6361,46.7473,40.2784,48.1049,-0.15361,1.9966
SYC,2024,2026,2,44.0381,40.67,47.4061,38.8807,49.1954,-0.15361,2.6313
SYC,2024,2027,3,43.8845,39.8649,47.904,37.7295,50.0394,-0.15361,3.1403
SYC,2024,2028,4,43.7308,39.1516,48.3101,36.7189,50.7428,-0.15361,3.5775
SYC,2024,2029,5,43.5772,38.4996,48.6549,35.8021,51.3523,-0.15361,3.9669
SYR,2024,2025,1,29.0822,26.8017,31.3627,25.5902,32.5742,-0.85953,1.7816
SYR,2024,2026,2,28.2227,25.1052,31.3402,23.449,32.9963,-0.85953,2.4355
SYR,2024,2027,3,27.3631,23.59,31.1363,21.5855,33.1408,-0.85953,2.9478
SYR,2024,2028,4,26.5036,22.1729,30.8343,19.8722,33.135,-0.85953,3.3834
SYR,2024,2029,5,25.6441,20.8198,30.4683,18.257,33.0312,-0.85953,3.7689
TCD,2024,2025,1,17.4068,15.684,19.1297,14.7687,20.0449,-0.13686,1.346
TCD,2024,2026,2,17.27,14.9645,19.5754,13.7397,20.8002,-0.13686,1.8011
TCD,2024,2027,3,17.1331,14.3651,19.9011,12.8945,21.3717,-0.13686,2.1625
TCD,2024,2028,4,16.9962,13.8325,20.1599,12.1518,21.8406,-0.13686,2.4716
TCD,2024,2029,5,16.8594,13.3443,20.3745,11.4769,22.2419,-0.13686,2.7462
TGO,2024,2025,1,34.37,32.1173,36.6227,30.9206,37.8194,-0.41434,1.7599
TGO,2024,2026,2,33.9556,31.1535,36.7578,29.6648,38.2465,-0.41434,2.1892
TGO,2024,2027,3,33.5413,30.281,36.8017,28.5489,38.5337,-0.41434,2.5471
TGO,2024,2028,4,33.127,29.4653,36.7886,27.5201,38.7338,-0.41434,2.8606
TGO,2024,2029,5,32.7126,28.6895,36.7357,26.5523,38.873,-0.41434,3.143
THA,2024,2025,1,52.7393,50.7026,54.776,49.6206,55.8579,0.23322,1.5911
THA,2024,2026,2,52.9725,50.2225,55.7226,48.7615,57.1835,0.23322,2.1485
THA,2024,2027,3,53.2057,49.8925,56.519,48.1324,58.2791,0.23322,2.5885
THA,2024,2028,4,53.439,49.6453,57.2327,47.6299,59.2481,0.23322,2.9638
THA,2024,2029,5,53.6722,49.4524,57.892,47.2106,60.1338,0.23322,3.2967
TJK,2024,2025,1,31.1427,28.9228,33.3626,27.7434,34.542,-0.82702,1.7343
TJK,2024,2026,2,30.3157,27.2796,33.3518,25.6666,34.9648,-0.82702,2.372
TJK,2024,2027,3,29.4887,25.8133,33.164,23.8608,35.1165,-0.82702,2.8714
TJK,2024,2028,4,28.6617,24.4429,32.8805,22.2016,35.1217,-0.82702,3.2959
TJK,2024,2029,5,27.8346,23.1348,32.5345,20.638,35.0312,-0.82702,3.6717
TKM,2024,2025,1,22.9165,21.3725,24.4605,20.5522,25.2808,0.43501,1.2063
TKM,2024,2026,2,23.3515,21.3099,25.3931,20.2253,26.4777,0.43501,1.595
TKM,2024,2027,3,23.7865,21.3468,26.2263,20.0507,27.5224,0.43501,1.906
TKM,2024,2028,4,24.2215,21.4401,27.003,19.9624,28.4806,0.43501,2.173
TKM,2024,2029,5,24.6565,21.571,27.7421,19.9318,29.3813,0.43501,2.4106
TLS,2024,2025,1,38.7414,36.1665,41.3162,34.7986,42.6841,-0.24336,2.0116
TLS,2024,2026,2,38.498,35.195,41.8011,33.4403,43.5558,-0.24336,2.5805
TLS,2024,2027,3,38.2547,34.3572,42.1521,32.2867,44.2226,-0.24336,3.0449
TLS,2024,2028,4,38.0113,33.5988,42.4238,31.2547,44.768,-0.24336,3.4473
TLS,2024,2029,5,37.768,32.8945,42.6414,30.3055,45.2304,-0.24336,3.8074
TON,2024,2025,1,56.9528,50.9257,62.98,47.7239,66.1818,0.84706,4.7087
TON,2024,2026,2,57.7999,49.668,65.9318,45.348,70.2519,0.84706,6.353
TON,2024,2027,3,58.647,48.8526,68.4413,43.6494,73.6446,0.84706,7.6518
TON,2024,2028,4,59.494,48.2811,70.707,42.3242,76.6639,0.84706,8.7601
TON,2024,2029,5,60.3411,47.8698,72.8124,41.2445,79.4377,0.84706,9.7432
TTO,2024,2025,1,53.5106,51.6184,55.4027,50.6132,56.4079,-0.04756,1.4782
TTO,2024,2026,2,53.463,50.8892,56.0368,49.5219,57.4041,-0.04756,2.0108
TTO,2024,2027,3,53.4154,50.306,56.5249,48.6541,58.1767,-0.04756,2.4292
TTO,2024,2028,4,53.3679,49.8024,56.9334,47.9082,58.8275,-0.04756,2.7855
TTO,2024,2029,5,53.3203,49.3508,57.2898,47.242,59.3986,-0.04756,3.1012
TUN,2024,2025,1,51.4946,49.7352,53.2541,48.8005,54.1888,-0.40195,1.3746
TUN,2024,2026,2,51.0927,48.8692,53.3162,47.6879,54.4975,-0.40195,1.7371
TUN,2024,2027,3,50.6908,48.0845,53.297,46.6999,54.6816,-0.40195,2.0361
TUN,2024,2028,4,50.2888,47.3493,53.2284,45.7876,54.79,-0.40195,2.2965
TUN,2024,2029,5,49.8869,46.6481,53.1256,44.9275,54.8462,-0.40195,2.5303
TUR,2024,2025,1,48.3009,46.5649,50.0369,45.6426,50.9592,-1.67381,1.3563
TUR,2024,2026,2,46.6271,44.3085,48.9456,43.0768,50.1774,-1.67381,1.8114
TUR,2024,2027,3,44.9533,42.1716,47.7349,40.6939,49.2127,-1.67381,2.1732
TUR,2024,2028,4,43.2795,40.1015,46.4574,38.4132,48.1457,-1.67381,2.4828
TUR,2024,2029,5,41.6057,38.0756,45.1357,36.2002,47.0111,-1.67381,2.7579
TUV,2024,2025,1,62.4555,51.216,73.695,45.245,79.666,6.27682,8.7809
TUV,2024,2026,2,68.7323,53.2286,84.2361,44.9922,92.4725,6.27682,12.1123
TUV,2024,2027,3,75.0092,56.1834,93.8349,46.1823,103.8361,6.27682,14.7076
TUV,2024,2028,4,81.286,59.6423,102.9297,48.1441,114.4279,6.27682,16.9091
TUV,2024,2029,5,87.5628,63.428,111.6976,50.6064,124.5192,6.27682,18.8553
TWN,2024,2025,1,85.2387,82.8584,87.619,81.5939,88.8835,0.80162,1.8596
TWN,2024,2026,2,86.0403,82.9011,89.1795,81.2334,90.8472,0.80162,2.4525
TWN,2024,2027,3,86.8419,83.0945,90.5894,81.1037,92.5802,0.80162,2.9277
TWN,2024,2028,4,87.6436,83.3736,91.9135,81.1052,94.1819,0.80162,3.3359
TWN,2024,2029,5,88.4452,83.7101,93.1803,81.1946,95.6958,0.80162,3.6993
TZA,2024,2025,1,37.1829,36.0133,38.3525,35.3919,38.9738,0.32624,0.9137
TZA,2024,2026,2,37.5091,35.9377,39.0805,35.1029,39.9154,0.32624,1.2277
TZA,2024,2027,3,37.8354,35.9457,39.725,34.9418,40.7289,0.32624,1.4763
TZA,2024,2028,4,38.1616,36.0001,40.3231,34.8518,41.4714,0.32624,1.6887
TZA,2024,2029,5,38.4878,36.085,40.8907,34.8085,42.1672,0.32624,1.8772
UGA,2024,2025,1,34.9853,33.7134,36.2572,33.0378,36.9328,0.37717,0.9936
UGA,2024,2026,2,35.3625,33.6199,37.105,32.6942,38.0308,0.37717,1.3614
UGA,2024,2027,3,35.7396,33.6289,37.8504,32.5075,38.9718,0.37717,1.649
UGA,2024,2028,4,36.1168,33.6931,38.5405,32.4055,39.8281,0.37717,1.8935
UGA,2024,2029,5,36.494,33.7934,39.1946,32.3587,40.6292,0.37717,2.1098
UKR,2024,2025,1,46.9784,45.4257,48.531,44.6009,49.3558,-0.7992,1.213
UKR,2024,2026,2,46.1792,44.1231,48.2352,43.0309,49.3275,-0.7992,1.6063
UKR,2024,2027,3,45.38,42.9215,47.8384,41.6155,49.1444,-0.7992,1.9207
UKR,2024,2028,4,44.5808,41.7771,47.3844,40.2876,48.8739,-0.7992,2.1904
UKR,2024,2029,5,43.7816,40.6707,46.8924,39.0181,48.545,-0.7992,2.4303
URY,2024,2025,1,59.33,57.6864,60.9736,56.8133,61.8468,-0.49393,1.2841
URY,2024,2026,2,58.8361,56.7169,60.9553,55.5911,62.0811,-0.49393,1.6556
URY,2024,2027,3,58.3422,55.836,60.8483,54.5047,62.1797,-0.49393,1.9579
URY,2024,2028,4,57.8482,55.0074,60.6891,53.4982,62.1982,-0.49393,2.2194
URY,2024,2029,5,57.3543,54.2143,60.4943,52.5461,62.1625,-0.49393,2.4532
USA,2024,2025,1,78.7532,78.093,79.4133,77.7423,79.764,0.20889,0.5157
USA,2024,2026,2,78.962,78.0584,79.8657,77.5783,80.3458,0.20889,0.706
USA,2024,2027,3,79.1709,78.0767,80.2652,77.4953,80.8466,0.20889,0.8549
USA,2024,2028,4,79.3798,78.1235,80.6361,77.4561,81.3035,0.20889,0.9815
USA,2024,2029,5,79.5887,78.189,80.9884,77.4455,81.732,0.20889,1.0935
UZB,2024,2025,1,40.5398,38.0383,43.0412,36.7094,44.3701,0.52075,1.9543
UZB,2024,2026,2,41.0605,37.8138,44.3072,36.0891,46.032,0.52075,2.5365
UZB,2024,2027,3,41.5813,37.731,45.4315,35.6856,47.477,0.52075,3.008
UZB,2024,2028,4,42.102,37.7307,46.4733,35.4085,48.7955,0.52075,3.4151
UZB,2024,2029,5,42.6228,37.7863,47.4592,35.2169,50.0286,0.52075,3.7785
VCT,2024,2025,1,46.7619,42.6435,50.8804,40.4555,53.0683,-0.83227,3.2175
VCT,2024,2026,2,45.9297,40.191,51.6683,37.1423,54.717,-0.83227,4.4833
VCT,2024,2027,3,45.0974,38.1043,52.0905,34.3892,55.8055,-0.83227,5.4633
VCT,2024,2028,4,44.2651,36.2107,52.3195,31.9318,56.5984,-0.83227,6.2925
VCT,2024,2029,5,43.4329,34.4415,52.4242,29.6649,57.2009,-0.83227,7.0245
VEN,2024,2025,1,21.2933,18.1495,24.4372,16.4793,26.1073,-0.40965,2.4561
VEN,2024,2026,2,20.8837,16.9628,24.8046,14.8798,26.8876,-0.40965,3.0632
VEN,2024,2027,3,20.474,15.9063,25.0417,13.4798,27.4683,-0.40965,3.5685
VEN,2024,2028,4,20.0644,14.9308,25.198,12.2036,27.9252,-0.40965,4.0106
VEN,2024,2029,5,19.6547,14.0117,25.2978,11.0138,28.2957,-0.40965,4.4086
VNM,2024,2025,1,43.9953,41.9577,46.033,40.8752,47.1154,0.23078,1.5919
VNM,2024,2026,2,44.2261,41.708,46.7442,40.3703,48.0819,0.23078,1.9672
VNM,2024,2027,3,44.4569,41.5364,47.3774,39.9849,48.9289,0.23078,2.2817
VNM,2024,2028,4,44.6877,41.4138,47.9615,39.6746,49.7008,0.23078,2.5577
VNM,2024,2029,5,44.9185,41.3258,48.5111,39.4173,50.4196,0.23078,2.8067
VUT,2024,2025,1,43.0893,41.0038,45.1749,39.8959,46.2828,0.64514,1.6293
VUT,2024,2026,2,43.7345,41.005,46.4639,39.555,47.914,0.64514,2.1324
VUT,2024,2027,3,44.3796,41.1314,47.6278,39.4059,49.3534,0.64514,2.5376
VUT,2024,2028,4,45.0247,41.33,48.7195,39.3672,50.6823,0.64514,2.8865
VUT,2024,2029,5,45.6699,41.577,49.7628,39.4026,51.9371,0.64514,3.1976
WSM,2024,2025,1,52.9886,49.8377,56.1395,48.1637,57.8134,1.29242,2.4616
WSM,2024,2026,2,54.281,49.9777,58.5842,47.6916,60.8703,1.29242,3.3619
WSM,2024,2027,3,55.5734,50.3669,60.7799,47.601,63.5458,1.29242,4.0676
WSM,2024,2028,4,56.8658,50.8911,62.8405,47.717,66.0146,1.29242,4.6677
WSM,2024,2029,5,58.1582,51.5034,64.8131,47.968,68.3485,1.29242,5.1991
XKX,2024,2025,1,44.7528,40.5623,48.9433,38.3361,51.1695,-1.02609,3.2738
XKX,2024,2026,2,43.7267,38.083,49.3705,35.0847,52.3687,-1.02609,4.4092
XKX,2024,2027,3,42.7006,35.9077,49.4935,32.299,53.1022,-1.02609,5.307
XKX,2024,2028,4,41.6745,33.9005,49.4485,29.7706,53.5785,-1.02609,6.0734
XKX,2024,2029,5,40.6484,32.004,49.2929,27.4116,53.8853,-1.02609,6.7535
YEM,2024,2025,1,16.2435,14.0341,18.4529,12.8603,19.6267,-1.90778,1.7261
YEM,2024,2026,2,14.3357,11.4572,17.2142,9.928,18.7434,-1.90778,2.2488
YEM,2024,2027,3,12.4279,9.0089,15.847,7.1925,17.6634,-1.90778,2.6712
YEM,2024,2028,4,10.5202,6.635,14.4053,4.571,16.4693,-1.90778,3.0353
YEM,2024,2029,5,8.6124,4.3114,12.9134,2.0265,15.1983,-1.90778,3.3602
ZAF,2024,2025,1,48.5633,47.2171,49.9095,46.5019,50.6246,-0.59968,1.0517
ZAF,2024,2026,2,47.9636,46.1045,49.8228,45.1168,50.8104,-0.59968,1.4525
ZAF,2024,2027,3,47.3639,45.1055,49.6224,43.9057,50.8222,-0.59968,1.7644
ZAF,2024,2028,4,46.7642,44.1672,49.3613,42.7875,50.741,-0.59968,2.029
ZAF,2024,2029,5,46.1646,43.2682,49.0609,41.7295,50.5996,-0.59968,2.2628
ZMB,2024,2025,1,38.5309,37.0173,40.0446,36.2131,40.8487,-0.47824,1.1825
ZMB,2024,2026,2,38.0527,35.9812,40.1242,34.8807,41.2247,-0.47824,1.6184
ZMB,2024,2027,3,37.5745,35.0663,40.0827,33.7338,41.4151,-0.47824,1.9595
ZMB,2024,2028,4,37.0962,34.2168,39.9756,32.6871,41.5053,-0.47824,2.2495
ZMB,2024,2029,5,36.618,33.41,39.8259,31.7058,41.5302,-0.47824,2.5062
ZWE,2024,2025,1,28.8171,26.9512,30.683,25.96,31.6742,-0.14798,1.4577
ZWE,2024,2026,2,28.6691,26.2286,31.1096,24.9321,32.4062,-0.14798,1.9066
ZWE,2024,2027,3,28.5212,25.6176,31.4247,24.0751,32.9672,-0.14798,2.2684
ZWE,2024,2028,4,28.3732,25.0709,31.6755,23.3165,33.4298,-0.14798,2.5799
ZWE,2024,2029,5,28.2252,24.5674,31.883,22.6242,33.8262,-0.14798,2.8577
