feature,importance
score_roll3_mean,652
score_roll3_std,538
year_norm,450
govt_integrity,399
internet_pct_sp,358
judicial_effectiveness,352
business_freedom,343
judicial_effectiveness_lag1,335
business_freedom_lag1,306
govt_integrity_lag2,305
trade_pct_gdp,275
internet_pct_sp_lag2,270
internet_pct_sp_lag1,263
govt_integrity_lag1,259
business_freedom_lag2,258
tourist_arrivals,247
sci_journal_articles,242
judicial_effectiveness_lag2,239
trade_pct_gdp_lag1,235
property_rights,232
tourist_arrivals_lag1,231
ict_patents,208
hightech_exports_pct,199
ai_publications,196
fh_total_score,195
rnd_pct_gdp_sp,195
trade_pct_gdp_lag2,195
hightech_exports_pct_lag1,192
hightech_exports_pct_lag2,187
property_rights_lag1,186
ai_publications_lag2,162
rnd_pct_gdp_sp_lag2,155
tourist_arrivals_lag2,155
investment_freedom,153
ai_publications_lag1,151
rd_researchers_per_mil,151
fh_combined_score,132
internet_pct_sp_slope,129
sci_journal_articles_slope,129
rnd_pct_gdp_sp_lag1,128
momentum_5y,127
infant_mortality,122
property_rights_lag2,122
investment_freedom_slope,109
sci_journal_articles_lag2,107
tertiary_enroll_pct,103
judicial_effectiveness_slope,103
sci_journal_articles_lag1,98
rnd_pct_gdp_sp_slope,98
fh_combined_score_slope,98
score_r2,98
business_freedom_slope,97
fh_total_score_slope,97
ai_publications_slope,97
score_volatility,94
ict_patents_slope,90
tourist_arrivals_slope,87
investment_freedom_lag2,86
physicians_per_1k,83
score_slope,81
property_rights_slope,79
influence_growth,78
life_expectancy,75
hightech_exports_pct_slope,74
govt_integrity_slope,70
unesco_total_sites,70
investment_freedom_lag1,67
trade_pct_gdp_slope,60
unesco_cultural_sites,59
rd_researchers_per_mil_slope,52
fh_combined_score_lag2,44
fh_combined_score_lag1,44
infant_mortality_lag1,41
infant_mortality_lag2,35
tertiary_enroll_pct_lag1,32
tertiary_enroll_pct_lag2,30
fh_status_num,28
life_expectancy_lag2,22
unesco_total_sites_lag1,19
life_expectancy_lag1,18
fh_status_num_slope,15
physicians_per_1k_lag1,13
physicians_per_1k_lag2,12
unesco_total_sites_lag2,12
unesco_cultural_sites_lag1,10
tertiary_enroll_pct_slope,7
life_expectancy_slope,6
unesco_cultural_sites_lag2,5
physicians_per_1k_slope,5
unesco_cultural_sites_slope,0
unesco_total_sites_slope,0
infant_mortality_slope,0
