feature,coefficient,abs_coef
score_roll3_mean,13.816920521296948,13.816920521296948
fh_combined_score,6.064741254921208,6.064741254921208
fh_combined_score_lag1,-4.735249238990824,4.735249238990824
life_expectancy_lag1,-3.0206387243460413,3.0206387243460413
infant_mortality,-2.238806587536857,2.238806587536857
sci_journal_articles,2.045353667353998,2.045353667353998
sci_journal_articles_lag1,-1.8405896502180163,1.8405896502180163
property_rights,1.8378278618944945,1.8378278618944945
property_rights_lag1,-1.6165300997270764,1.6165300997270764
unesco_cultural_sites,1.504429792566975,1.504429792566975
infant_mortality_lag1,1.483810052302823,1.483810052302823
life_expectancy,1.4345286305633604,1.4345286305633604
govt_integrity,1.3391603836850203,1.3391603836850203
physicians_per_1k_lag1,-1.2408940709936702,1.2408940709936702
internet_pct_sp,1.1426436142883256,1.1426436142883256
trade_pct_gdp,1.094115598502404,1.094115598502404
score_slope,1.0898103029791604,1.0898103029791604
unesco_total_sites,1.0768093481196344,1.0768093481196344
ai_publications,1.0649821337150993,1.0649821337150993
unesco_total_sites_lag1,-1.0562390582609125,1.0562390582609125
internet_pct_sp_lag1,-1.0315618007449572,1.0315618007449572
investment_freedom,1.0007658840164362,1.0007658840164362
trade_pct_gdp_lag1,-1.0002659720792524,1.0002659720792524
influence_growth,-0.9984265778081313,0.9984265778081313
unesco_cultural_sites_lag1,-0.9090558506142568,0.9090558506142568
physicians_per_1k,0.8955981543392174,0.8955981543392174
life_expectancy_lag2,0.8791408414453892,0.8791408414453892
business_freedom,0.7689667177720436,0.7689667177720436
fh_combined_score_lag2,-0.7562960982037031,0.7562960982037031
tertiary_enroll_pct,0.706833576476483,0.706833576476483
govt_integrity_lag1,-0.6984765729217588,0.6984765729217588
investment_freedom_lag1,-0.645256964979634,0.645256964979634
business_freedom_lag1,-0.5842370030217788,0.5842370030217788
rnd_pct_gdp_sp,0.5811720866324529,0.5811720866324529
judicial_effectiveness_lag1,-0.5152992007577849,0.5152992007577849
rnd_pct_gdp_sp_lag2,-0.5005743439235928,0.5005743439235928
sci_journal_articles_lag2,-0.49925747613147453,0.49925747613147453
score_volatility,0.47859159500972004,0.47859159500972004
property_rights_lag2,0.4623288258120535,0.4623288258120535
physicians_per_1k_lag2,0.4613772976714103,0.4613772976714103
internet_pct_sp_lag2,0.4503039653810231,0.4503039653810231
tertiary_enroll_pct_lag1,-0.3609857524628802,0.3609857524628802
unesco_total_sites_lag2,0.31165899047209644,0.31165899047209644
fh_total_score,0.30128131617870707,0.30128131617870707
tourist_arrivals,0.29562075153625217,0.29562075153625217
unesco_cultural_sites_lag2,-0.282077740079419,0.282077740079419
internet_pct_sp_slope,-0.2746004795708675,0.2746004795708675
physicians_per_1k_slope,0.2693694463834017,0.2693694463834017
govt_integrity_lag2,-0.2511051371791405,0.2511051371791405
tertiary_enroll_pct_lag2,-0.2396388817602138,0.2396388817602138
investment_freedom_lag2,-0.237583322751072,0.237583322751072
rnd_pct_gdp_sp_lag1,0.22470717720415062,0.22470717720415062
ai_publications_lag1,-0.2195708680312604,0.2195708680312604
judicial_effectiveness,0.219291955767444,0.219291955767444
ai_publications_slope,0.21367598676438468,0.21367598676438468
infant_mortality_lag2,-0.1979207418190223,0.1979207418190223
sci_journal_articles_slope,-0.1966191016132676,0.1966191016132676
trade_pct_gdp_lag2,-0.19309573077412223,0.19309573077412223
tourist_arrivals_lag2,-0.18349303583770932,0.18349303583770932
hightech_exports_pct_lag1,-0.18339820760631714,0.18339820760631714
hightech_exports_pct_slope,-0.16091891096231883,0.16091891096231883
year_norm,-0.1430024017468706,0.1430024017468706
business_freedom_lag2,-0.142618800648005,0.142618800648005
rd_researchers_per_mil,-0.13499148045505632,0.13499148045505632
govt_integrity_slope,-0.12837919438672957,0.12837919438672957
judicial_effectiveness_slope,0.11191427757359669,0.11191427757359669
infant_mortality_slope,-0.10573559956059997,0.10573559956059997
fh_total_score_slope,-0.09952977811036767,0.09952977811036767
business_freedom_slope,0.0872249824537235,0.0872249824537235
momentum_5y,0.08381125833783702,0.08381125833783702
hightech_exports_pct_lag2,0.08092219628228045,0.08092219628228045
fh_status_num,-0.07440774493695315,0.07440774493695315
fh_combined_score_slope,0.06917780071723287,0.06917780071723287
investment_freedom_slope,0.067974260479021,0.067974260479021
fh_status_num_slope,0.06323551952939205,0.06323551952939205
ict_patents_slope,-0.05654363999998866,0.05654363999998866
hightech_exports_pct,0.05652273854325894,0.05652273854325894
score_roll3_std,0.05633959214594653,0.05633959214594653
rd_researchers_per_mil_slope,0.048319966401686995,0.048319966401686995
judicial_effectiveness_lag2,0.0429532751901681,0.0429532751901681
ai_publications_lag2,0.038442448394979865,0.038442448394979865
rnd_pct_gdp_sp_slope,0.03241745505593045,0.03241745505593045
life_expectancy_slope,0.030110965837299178,0.030110965837299178
score_r2,0.028795807688457936,0.028795807688457936
ict_patents,0.027743654481564115,0.027743654481564115
tertiary_enroll_pct_slope,0.026926465027645424,0.026926465027645424
tourist_arrivals_lag1,0.019655914091967368,0.019655914091967368
trade_pct_gdp_slope,0.015702084747007752,0.015702084747007752
tourist_arrivals_slope,0.010613368743282387,0.010613368743282387
property_rights_slope,-0.006182076684648075,0.006182076684648075
unesco_total_sites_slope,0.0,0.0
unesco_cultural_sites_slope,0.0,0.0
