iso3,canonical,rank_xgb,rank_pca,rank_equal,rank_lit,score_pca,score_equal,score_lit
AFG,Afghanistan,186,153,153,154,10.274454760426476,10.96114618552249,8.301689260789006
AGO,Angola,180,142,144,141,19.513614962495314,18.269878902410735,17.441063052846033
ALB,Albania,98,74,66,68,49.59366546281935,49.03634502608465,47.748141586611084
ARE,United Arab Emirates,55,59,69,78,51.69225280068219,48.34876981355482,44.52997933798054
ARG,Argentina,59,52,50,51,56.13798122658822,56.822789270654106,55.46053681524792
ARM,Armenia,88,73,67,73,49.642236552385,48.99835864924148,47.20872089320086
AUS,Australia,9,7,7,7,89.0219865400013,85.77210682320955,85.13775843342995
AUT,Austria,18,19,19,19,82.11774958756577,78.78289643016994,78.29096349276544
AZE,Azerbaijan,114,104,107,111,36.304397401928064,35.6747661735552,32.33529124450325
BEL,Belgium,19,16,14,14,82.96269435700876,79.91239063297054,79.93364852733886
BEN,Benin,155,118,120,116,32.03923578111129,29.78764217996424,31.008034973179637
BFA,Burkina Faso,159,126,128,128,26.671948544141372,24.953110528719918,24.506731467348423
BGD,Bangladesh,106,101,99,102,39.360115337263224,38.73910110191538,36.914047569686566
BGR,Bulgaria,49,44,44,44,63.467061829500935,62.385412087419766,61.52698759367515
BHR,Bahrain,91,87,89,95,43.998094001474776,42.76588745225433,39.64852931604682
BIH,Bosnia and Herzegovina,99,84,84,85,45.29341769033573,44.94600785632657,42.677348431577734
BLR,Belarus,113,114,111,122,34.022914368054074,34.73437835044123,29.33150158183264
BLZ,Belize,124,91,90,84,42.702447005584524,42.66927862518744,42.7071496729442
BOL,"Bolivia, Plurinational State of",145,113,108,108,34.332542844348886,35.48839181961046,34.01521274903904
BRA,Brazil,37,42,41,42,64.23814958452147,64.90201670399618,64.14280880012177
BRB,Barbados,73,48,48,47,59.91180592552916,57.5820408124391,57.42307823090991
BWA,Botswana,100,67,79,69,50.16609304457212,46.93702780515705,47.624683371167755
CAF,Central African Republic,194,156,156,156,0.0,0.0,0.0
CAN,Canada,11,13,11,11,85.45862477410586,82.79779310100804,82.73778885344882
CHE,Switzerland,14,12,13,13,86.08035981005229,81.7972314226744,81.64586901885542
CHL,Chile,32,29,30,30,72.86898284089764,70.4032212824141,70.04629151160648
CHN,China,27,34,25,32,70.42494162761615,73.11567203604714,68.75451868802354
CIV,Côte d'Ivoire,158,122,124,119,30.014674699457615,28.393920440630378,30.09142984789113
CMR,Cameroon,160,129,134,135,24.000259482024262,21.908595774676478,20.852814549476516
COD,"Congo, The Democratic Republic of the",185,152,152,151,10.840930777262123,11.029208347702374,10.097972053424234
COG,Congo,182,145,147,147,14.795174147363364,15.184673585793579,13.018061376112971
COL,Colombia,60,50,49,48,57.645811103701035,57.415703950056276,56.81785734803766
CPV,Cabo Verde,109,70,68,61,49.96073839534312,48.59728428802435,49.892627566523565
CRI,Costa Rica,54,46,46,45,62.751713445573756,60.98711625263016,60.79277164680354
CUB,Cuba,118,107,102,113,36.0891024371553,37.65151708764598,31.781437755407822
CYP,Cyprus,38,33,34,35,70.5265486677433,68.16005570031182,68.08183499438934
CZE,Czechia,28,22,22,21,78.20823081327461,76.50829893103274,76.31270789662011
DEU,Germany,1,1,1,1,100.0,100.0,100.0
DMA,Dominica,117,69,73,62,50.12282892801366,47.979015364752605,49.44119434155863
DNK,Denmark,15,11,12,12,86.75089587823892,82.44394516885579,82.47170669761006
DOM,Dominican Republic,119,88,87,87,43.94261808765362,42.916239506103594,42.3111978173129
DZA,Algeria,103,97,96,101,40.44802530634019,40.632052414692296,37.21458247112869
ECU,Ecuador,92,81,76,77,47.361664551745754,47.12474082091187,45.307039259072035
EGY,Egypt,89,96,94,98,41.1298333048482,40.90721324127707,38.49038404455462
ERI,Eritrea,191,155,154,155,8.178370231857917,9.184362686155623,5.5040455127649786
ESP,Spain,5,4,3,3,94.3412381585476,96.39284228157605,96.12275389377125
EST,Estonia,34,25,27,25,75.80751983426455,71.8629206499546,72.01425000218538
ETH,Ethiopia,132,119,118,121,31.784926024796857,31.53867330150746,29.646210287219432
FIN,Finland,17,14,15,15,84.38708936133196,79.77075274510105,79.43142274029292
FJI,Fiji,126,92,97,93,42.44084034337534,40.43541117982649,40.51102701586168
FRA,France,2,3,4,4,95.11586174398823,95.77957596990159,95.31542279768502
FSM,"Micronesia, Federated States of",104,95,98,92,41.47102273225842,39.4499607775375,40.564065509938146
GAB,Gabon,171,131,131,132,23.123549217731505,22.97459108191581,21.428541057546767
GBR,United Kingdom,6,5,5,5,92.98080480202134,91.41466273857763,91.52533732064813
GEO,Georgia,70,54,55,56,54.4730764348802,53.345048788075175,51.63300191784398
GHA,Ghana,107,82,85,75,46.416451540198516,44.53145410154974,46.31797987876597
GMB,Gambia,156,120,123,120,31.201620677906227,29.52426938637778,30.07858690860229
GNB,Guinea-Bissau,187,149,150,146,12.779357193325511,13.071527049619053,13.161937484466051
GRC,Greece,22,24,21,23,76.6255924486977,76.55278121988975,74.43252058254039
GTM,Guatemala,140,115,112,109,33.751768588307925,34.30363761193663,32.9697801579245
HND,Honduras,137,108,105,104,36.03742961523408,36.683496771631,35.35844471214096
HRV,Croatia,42,38,40,40,67.35989672457032,65.54462842368687,64.84308388581111
HTI,Haiti,189,150,149,148,12.224469821700069,13.14979442666969,11.954810124912688
HUN,Hungary,48,45,45,46,62.78189534902972,61.2942667436955,60.34062067301571
IDN,Indonesia,57,56,57,58,53.01306151816141,51.7970620360784,50.970866641850755
IND,India,30,37,31,29,68.81335488254088,70.24903251968337,70.23931161539882
IRL,Ireland,23,17,20,20,82.30977663934546,77.98602845480279,78.13748799143858
IRN,"Iran, Islamic Republic of",79,90,83,91,42.75641114821405,45.92404139394996,40.744115124393474
IRQ,Iraq,131,117,115,115,32.97832425837891,33.88419483408241,31.45375294300441
ISL,Iceland,33,27,28,27,75.04433658895033,71.19388646032037,70.66516809936245
ISR,Israel,26,26,26,26,75.38673334399357,72.81407334194931,71.3025117736658
ITA,Italy,3,2,2,2,95.96477817856488,98.98545219755887,98.86355785050405
JAM,Jamaica,93,64,65,63,50.77363892041621,49.22924067509651,49.35188396486855
JOR,Jordan,71,71,70,76,49.676066841903285,48.163753602017145,45.79266712627727
JPN,Japan,7,6,6,6,89.73093615282576,87.38057731556688,86.73362852719934
KAZ,Kazakhstan,82,86,86,94,45.03780593928595,43.47148561417223,39.84541285395948
KEN,Kenya,122,100,101,99,39.55306564484947,38.71044863051276,38.43534778504599
KGZ,Kyrgyzstan,149,125,122,125,28.810516340684565,29.644913101851856,26.9145408102592
KHM,Cambodia,151,123,121,123,29.5876273163975,29.719830032456287,27.59348908867744
KIR,Kiribati,120,99,104,96,39.57802352405578,37.25323561623583,38.62926909211455
KOR,"Korea, Republic of",13,18,16,18,82.13596368268412,79.74680876816174,78.34712192533983
LAO,Lao People's Democratic Republic,167,137,137,139,21.889617646948967,21.270524699684668,18.766093998283097
LBN,Lebanon,110,98,93,100,39.92365549347318,41.25488310588196,38.1359439651131
LBY,Libya,154,133,127,134,22.9261890855844,25.550272334205143,20.864675269622744
LCA,Saint Lucia,102,72,71,64,49.66332898337237,48.03765817448521,48.858745350232304
LKA,Sri Lanka,78,80,80,80,47.41772236136851,46.798605987301805,44.33319039291202
LTU,Lithuania,36,32,35,36,71.02065871811992,68.04001220163126,67.3807388203412
LUX,Luxembourg,31,23,24,22,77.77782667247808,73.4918309957449,74.4473260497201
LVA,Latvia,47,40,42,41,66.98953942652132,64.24044081096335,64.18005698367084
MAR,Morocco,63,65,64,71,50.261156011921095,49.4157404012649,47.465961420509025
MDG,Madagascar,153,121,119,118,30.024969236922644,30.062540382081117,30.31912064316612
MEX,Mexico,40,43,37,37,63.97116875254607,66.81076508234311,65.84539907249315
MLI,Mali,174,139,143,137,20.158407705706026,19.5059820201623,19.924496094010998
MLT,Malta,50,41,43,43,65.89382755197941,63.37807896841354,62.61289646413801
MMR,Myanmar,168,141,142,142,19.678024412991537,20.002627229700387,17.3384805023971
MNE,Montenegro,86,58,59,60,52.07328068801457,51.345356974087196,50.00422482144575
MNG,Mongolia,97,63,61,59,50.77723067491553,50.58693767745628,50.62426269208664
MOZ,Mozambique,170,134,136,131,22.495362876978977,21.54294341538168,21.739242274008078
MRT,Mauritania,176,140,141,138,20.08704689937533,20.0362647090584,19.724266042804565
MUS,Mauritius,68,49,51,49,59.40992351326428,56.60414559560631,56.771012233526754
MWI,Malawi,144,110,114,107,34.89517299666439,33.95382510798349,34.73177668705764
MYS,Malaysia,44,47,47,50,60.958758062894745,58.383174402770386,56.63448404433562
NAM,Namibia,112,85,88,79,45.16536045584816,42.89623432616204,44.39308982223139
NER,Niger,173,130,132,130,23.570984180570125,22.673040126696424,22.54753067640928
NGA,Nigeria,150,128,130,126,26.272313110928152,24.474555852677184,25.945459198610475
NIC,Nicaragua,166,132,129,133,23.11243876903179,24.54021714488087,21.396005872143416
NLD,Netherlands,10,8,9,9,87.66495024687208,83.86465223174572,83.91745458403982
NOR,Norway,16,15,17,16,84.15368571271571,79.58429714384644,79.12326802868495
NPL,Nepal,116,102,103,103,38.7576932615943,37.48939615515503,36.080866219208474
NZL,New Zealand,25,21,23,24,78.93810357957744,74.20774800242594,73.59998885405325
OMN,Oman,76,79,82,83,47.69943585681342,46.39500905622804,43.53173989856807
PAK,Pakistan,127,105,109,105,36.251433500760456,35.367492940645896,35.19297209041636
PAN,Panama,85,60,58,57,51.642069486902066,51.4067030998544,51.115707514806864
PER,Peru,65,53,52,52,55.25566678889019,55.67177840584512,54.64900610293566
PHL,Philippines,84,76,74,72,48.98698107617203,47.793639065714736,47.22998030607376
PNG,Papua New Guinea,161,127,126,127,26.275735929435612,25.65151913686567,25.48317333186605
POL,Poland,29,31,29,28,71.75684306431187,70.75484699813403,70.33549978204007
PRK,"Korea, Democratic People's Republic of",183,148,146,150,13.668626009228122,16.40251609434224,11.101359489266867
PRT,Portugal,20,20,18,17,81.25644212415818,79.46256851226394,78.93621134013901
PRY,Paraguay,115,94,91,90,41.568765006467146,41.730624105164054,41.25342785458896
QAT,Qatar,67,75,78,82,49.48553342617125,47.08582154393526,43.88088705680713
ROU,Romania,39,39,39,39,67.35230908269416,65.67649849896128,65.26408866360421
RUS,Russian Federation,52,66,56,66,50.18641947075101,52.50440573004753,47.91513663072238
RWA,Rwanda,133,111,116,117,34.67257097532943,32.28131969755832,30.49863335190704
SAU,Saudi Arabia,61,78,77,86,48.6399488429156,47.09735713826586,42.638532570132135
SDN,Sudan,177,147,148,149,13.987044442426132,14.579787577472372,11.70728934738325
SEN,Senegal,123,89,92,88,43.09432211544751,41.65553011940813,42.1713806860269
SGP,Singapore,24,28,32,34,74.7092268160053,70.0030468403325,68.11496210066625
SLB,Solomon Islands,134,112,113,110,34.56920595615296,34.14348433660546,32.90133991628294
SLE,Sierra Leone,172,136,139,129,22.11514375133415,20.764697451399485,23.677265448483656
SLV,El Salvador,138,106,106,106,36.214169824539574,36.58281887289744,34.997211233492806
SRB,Serbia,58,51,54,53,56.197656808978856,55.234815229675775,53.55767920263042
SUR,Suriname,136,103,100,97,38.48103434116522,38.7257209731007,38.57640092180577
SVK,Slovakia,41,35,36,33,70.04623854584894,67.9067241355429,68.22307262299164
SVN,Slovenia,35,30,33,31,72.32284809444121,69.34300392186623,68.9320180531289
SWE,Sweden,12,10,10,10,87.19827657110979,83.59937931987889,83.44501595097397
SYC,Seychelles,105,68,75,70,50.14330787733987,47.435898329378276,47.5862363629645
SYR,Syrian Arab Republic,162,144,140,144,17.439078584391073,20.036389240047054,15.108472257975173
TCD,Chad,192,154,155,153,8.58494768951774,8.308304206453503,8.532099047291107
THA,Thailand,62,61,62,67,51.188954545784696,50.34780275919134,47.75381756530159
TJK,Tajikistan,163,135,133,140,22.17503405232197,22.40002725901336,18.668522301292867
TKM,Turkmenistan,188,151,151,152,10.922695495820031,12.19402166709807,8.60637848707963
TUN,Tunisia,64,62,63,65,51.050630412746365,50.189627467803845,48.24469482966952
TUR,Türkiye,75,55,53,54,53.922919561789314,55.374197801492784,52.7743156990113
TZA,"Tanzania, United Republic of",143,116,117,114,33.28957438101402,32.14973635340723,31.553726751566252
UGA,Uganda,148,124,125,124,29.532889129972368,28.291193024925526,27.324365057177907
UKR,Ukraine,83,83,81,81,46.05105701342607,46.49105367348631,43.90051422029862
URY,Uruguay,46,36,38,38,69.01697285780214,65.89344156179891,65.53795766417181
USA,United States,8,9,8,8,87.6083842655427,84.56561460825019,84.0660488147092
UZB,Uzbekistan,130,109,110,112,35.16363750159477,34.84235147365029,31.963755918825132
VEN,"Venezuela, Bolivarian Republic of",184,143,138,143,18.91261374292007,21.256057039946764,16.424825092963555
VNM,Viet Nam,95,77,72,74,48.93137684031814,48.00610718809677,46.37760425255185
VUT,Vanuatu,111,93,95,89,42.29983128284035,40.74694881277496,41.53624242381582
YEM,Yemen,190,146,145,145,14.708847276547294,16.65032790685769,14.747580939588056
ZAF,South Africa,77,57,60,55,52.30210294796858,50.703542077534294,51.69348214352974
ZWE,Zimbabwe,169,138,135,136,21.272488540811057,21.553651098869437,20.028421932802228
