kpi,mean_abs_shap,mean_shap,dimension,rank
score_roll3_mean,9.6260195,1.0381925,other,1
property_rights,0.656189,0.21699156,institutional,2
infant_mortality,0.5969328,-0.14122584,human_dev,3
life_expectancy,0.5614866,0.32291564,human_dev,4
govt_integrity,0.5380093,0.03237504,institutional,5
fh_combined_score,0.3122433,-0.037972692,political,6
infant_mortality_lag1,0.30317795,0.056763288,human_dev,7
sci_journal_articles,0.18487114,0.029114233,innovation,8
year_norm,0.17567249,-0.011612803,other,9
business_freedom,0.1668839,-0.024184393,institutional,10
ai_publications,0.15618281,0.03396158,innovation,11
ict_patents,0.14649345,0.0719904,other,12
unesco_total_sites,0.12379578,0.0555553,cultural,13
rd_researchers_per_mil,0.11985401,0.06506768,other,14
sci_journal_articles_lag1,0.111953095,-0.018923318,innovation,15
score_roll3_std,0.09422704,0.0011870116,other,16
fh_status_num,0.08783354,0.0050220084,other,17
rnd_pct_gdp_sp,0.07750418,0.015551693,innovation,18
fh_total_score,0.07660451,0.0071245893,other,19
investment_freedom,0.07489477,-0.0040524043,political,20
tertiary_enroll_pct,0.07103998,-0.0053158654,human_dev,21
internet_pct_sp,0.07057988,-0.014108952,innovation,22
tourist_arrivals,0.06369267,0.008817483,cultural,23
score_volatility,0.061515108,0.006630506,other,24
physicians_per_1k,0.054078802,0.0064632907,human_dev,25
property_rights_lag1,0.052218582,-0.0039057974,institutional,26
judicial_effectiveness_lag1,0.05126683,0.002468596,institutional,27
internet_pct_sp_lag1,0.049560513,-0.0064264745,innovation,28
govt_integrity_lag2,0.04251548,0.0059313793,institutional,29
ai_publications_slope,0.042305306,-0.008572509,innovation,30
judicial_effectiveness,0.035665732,0.012455236,institutional,31
sci_journal_articles_slope,0.035029136,-0.0055993167,innovation,32
internet_pct_sp_slope,0.033841085,0.0056864507,innovation,33
investment_freedom_slope,0.03303085,-0.0072713518,political,34
score_slope,0.03288397,-0.0137912985,other,35
govt_integrity_lag1,0.032803547,-0.0060848077,institutional,36
internet_pct_sp_lag2,0.031605884,0.0021929033,innovation,37
momentum_5y,0.031479396,-0.004349608,other,38
property_rights_lag2,0.031236533,-0.001679359,institutional,39
judicial_effectiveness_slope,0.030294351,-0.0007467199,institutional,40
tourist_arrivals_lag1,0.02981842,-0.0035398658,cultural,41
property_rights_slope,0.028587118,0.0045942822,institutional,42
tertiary_enroll_pct_lag1,0.028584711,-0.0155179305,human_dev,43
govt_integrity_slope,0.02838566,-0.009735605,institutional,44
trade_pct_gdp_slope,0.027915547,0.007916246,political,45
ai_publications_lag2,0.026202656,0.0035243512,innovation,46
rnd_pct_gdp_sp_lag2,0.024470469,-0.005833011,innovation,47
business_freedom_lag1,0.024010392,-0.00436974,institutional,48
business_freedom_slope,0.02328607,-0.0101415105,institutional,49
ai_publications_lag1,0.023028651,0.003587094,innovation,50
trade_pct_gdp,0.022486456,0.01240317,political,51
unesco_cultural_sites,0.021635626,0.00486991,cultural,52
fh_combined_score_lag1,0.021093458,-0.004824942,political,53
investment_freedom_lag2,0.021079462,0.002099387,political,54
hightech_exports_pct,0.02085478,0.0013851569,innovation,55
fh_combined_score_slope,0.020282121,-0.0017051025,political,56
score_r2,0.01991833,0.00840562,other,57
investment_freedom_lag1,0.01982909,-0.013005923,political,58
fh_total_score_slope,0.018355766,-0.007106212,other,59
influence_growth,0.017605454,-0.006714199,other,60
tourist_arrivals_slope,0.016560499,-0.0027230585,cultural,61
ict_patents_slope,0.01586447,0.0032184194,other,62
fh_combined_score_lag2,0.015774017,0.00170884,political,63
sci_journal_articles_lag2,0.015710171,-0.009350435,innovation,64
judicial_effectiveness_lag2,0.015200831,0.00040367755,institutional,65
trade_pct_gdp_lag1,0.014996509,0.0045606466,political,66
tourist_arrivals_lag2,0.0143079525,-0.005693924,cultural,67
rd_researchers_per_mil_slope,0.013710409,0.0025246413,other,68
life_expectancy_lag2,0.012236113,0.0020966667,human_dev,69
hightech_exports_pct_slope,0.011781297,0.0037642827,innovation,70
hightech_exports_pct_lag2,0.01166936,0.0008017522,innovation,71
rnd_pct_gdp_sp_slope,0.010817388,0.0010930911,innovation,72
physicians_per_1k_lag1,0.010560533,0.0019065103,human_dev,73
trade_pct_gdp_lag2,0.010476521,0.0014709142,political,74
hightech_exports_pct_lag1,0.010398351,-0.00056978426,innovation,75
life_expectancy_lag1,0.009766463,-0.0035423362,human_dev,76
physicians_per_1k_lag2,0.009453903,-0.00017877054,human_dev,77
business_freedom_lag2,0.008726965,-0.0023430653,institutional,78
infant_mortality_lag2,0.0058541778,-0.002845061,human_dev,79
unesco_total_sites_lag2,0.0055396194,0.0012784807,cultural,80
rnd_pct_gdp_sp_lag1,0.004953144,-0.0005578736,innovation,81
tertiary_enroll_pct_lag2,0.004737264,-0.00011406439,human_dev,82
unesco_total_sites_lag1,0.0037316352,0.002087759,cultural,83
unesco_cultural_sites_lag1,0.002982578,0.0016114764,cultural,84
fh_status_num_slope,0.0028250664,0.0006338561,other,85
unesco_cultural_sites_lag2,0.0019076241,0.0007017698,cultural,86
tertiary_enroll_pct_slope,0.0007661069,-0.00045106641,human_dev,87
infant_mortality_slope,0.0006031165,-0.00014256105,human_dev,88
life_expectancy_slope,0.0003587298,6.351144e-05,human_dev,89
physicians_per_1k_slope,0.00016643887,-5.4358607e-05,human_dev,90
unesco_total_sites_slope,0.0,0.0,cultural,91
unesco_cultural_sites_slope,0.0,0.0,cultural,92
