iso3,canonical,data_year,score,ci_lower,ci_upper,ci_width,global_rank,regime,score_volatility,influence_growth,momentum_5y,volatility_tier
DEU,Germany,2023,85.2855,82.56326,88.00774,5.44,1,stable,1.0948902831018112,0.002073241581697172,1.3449999999999847,stable
ITA,Italy,2023,83.33496,80.612724,86.0572,5.44,2,stable,1.790877096388594,0.0036384005240479144,4.4587999999999965,moderate
TWN,"Taiwan, Province of China",2023,83.23783,80.515594,85.96007,5.44,3,rising,1.2541085215633692,0.01168089174621587,3.9258000000000095,stable
FRA,France,2023,82.44192,79.71968,85.164154,5.44,4,stable,0.8196809557195026,0.003403092602366209,2.3378000000000156,stable
ESP,Spain,2023,82.254616,79.53238,84.97685,5.44,5,stable,1.1522816589305296,0.0021374660056915212,2.6709999999999923,stable
GBR,United Kingdom,2023,81.38403,78.6618,84.10627,5.44,6,stable,0.8053648050991022,0.0018991080728404963,0.20940000000001646,stable
JPN,Japan,2023,79.756386,77.03415,82.47862,5.44,7,stable,0.6604992890929567,0.004233921347718877,0.9834000000000032,stable
USA,United States,2023,77.18151,74.459274,79.90375,5.44,8,stable,0.6197097527068606,1.4108475010960807e-05,0.5326000000000022,stable
AUS,Australia,2023,76.9773,74.255066,79.69954,5.44,9,stable,0.8696930344225344,0.0015108393007527458,1.246600000000015,stable
NLD,Netherlands,2024,74.92961,72.207375,77.65185,5.44,10,stable,1.0729233942588543,0.0016099938389711216,-2.0964000000000027,stable
KOR,"Korea, Republic of",2023,74.73105,72.00881,77.453285,5.44,11,stable,0.868535901901756,0.005260889361792781,2.6891999999999996,stable
CAN,Canada,2023,74.687614,71.96538,77.40985,5.44,12,stable,0.8840820532576753,0.0008135659801984574,0.5849999999999795,stable
SWE,Sweden,2023,74.458305,71.73607,77.18054,5.44,13,stable,1.4900556655683375,0.0012813012575038011,0.0870000000000033,moderate
CHE,Switzerland,2023,73.90118,71.17894,76.62341,5.44,14,stable,1.0164345049693622,0.0024963173282127,1.2072000000000145,stable
DNK,Denmark,2023,73.84002,71.11778,76.562256,5.44,15,stable,1.1975109604508853,0.0015532086412739492,0.4291999999999945,stable
FIN,Finland,2023,71.813156,69.09092,74.53539,5.44,16,stable,1.1126131264729917,0.0006968491934788001,0.5232000000000028,stable
NOR,Norway,2023,71.5323,68.81007,74.25454,5.44,17,stable,0.8115590432665304,0.0037745391877817116,0.8406000000000091,stable
BEL,Belgium,2023,71.3183,68.59606,74.040535,5.44,18,stable,1.6043510660412497,0.002812592961305922,1.3015999999999934,moderate
AUT,Austria,2023,70.85028,68.128044,73.57252,5.44,19,stable,1.2309638233889286,0.002554771303067037,0.9150000000000063,stable
PRT,Portugal,2023,70.629715,67.90748,73.35195,5.44,20,stable,0.8469790662566116,0.0034268573504113043,2.119400000000013,stable
ISR,Israel,2023,68.88418,66.16194,71.606415,5.44,21,stable,1.1579425563937489,0.0023554656795942053,1.8659999999999854,stable
LIE,Liechtenstein,2023,68.34274,65.62051,71.06498,5.44,22,rising,4.605749032560572,0.015434982513964225,3.4055999999999926,volatile
CZE,Czechia,2023,68.19406,65.471825,70.9163,5.44,23,stable,0.9738881319266973,0.004941319428133683,1.4505999999999943,stable
IRL,Ireland,2023,68.162315,65.44008,70.88455,5.44,24,stable,1.1853911915157287,0.0019012042951075437,0.8840000000000003,stable
SGP,Singapore,2023,68.003746,65.28151,70.72598,5.44,25,stable,1.0742719767788353,0.0014521744193109198,-0.6107999999999976,stable
GRC,Greece,2023,67.73146,65.009224,70.4537,5.44,26,stable,1.7130271954282954,0.0028400527973889886,4.1422000000000025,moderate
NZL,New Zealand,2023,67.23879,64.516556,69.96103,5.44,27,stable,0.9695752277712606,0.0002481043772635727,-1.2952000000000083,stable
CHN,China,2023,65.82023,63.09799,68.542465,5.44,28,rising,3.06994803518036,0.009562995673677091,6.207999999999984,volatile
LUX,Luxembourg,2023,63.927963,61.205723,66.6502,5.44,29,stable,1.5415668703377967,0.0023227504819245287,1.0406000000000262,moderate
POL,Poland,2023,63.819622,61.09738,66.54186,5.44,30,stable,1.519554948367356,0.003997125180106618,0.21219999999998151,moderate
ISL,Iceland,2023,63.807426,61.085186,66.52966,5.44,31,stable,1.6490347013561961,0.00033438467229363365,1.0875999999999948,moderate
EST,Estonia,2023,63.7746,61.05236,66.49684,5.44,32,stable,1.7895954044764069,0.005608507058199884,1.110200000000006,moderate
IND,India,2023,62.847538,60.125298,65.56978,5.44,33,rising,1.3871203527729339,0.007108523299056514,3.384200000000007,stable
CHL,Chile,2023,62.092342,59.370102,64.81458,5.44,34,stable,1.393214488396142,0.001146728721555379,0.31380000000001473,stable
SVN,Slovenia,2023,61.79395,59.07171,64.51619,5.44,35,stable,1.5287725095543914,0.004556650476416016,1.9061999999999983,moderate
LTU,Lithuania,2023,61.08228,58.36004,63.80452,5.44,36,rising,1.2953070121136496,0.0072225610996032846,0.9157999999999902,stable
BRA,Brazil,2023,60.593826,57.871586,63.316067,5.44,37,stable,0.5765784294372408,0.003539840176011965,1.1554000000000144,stable
ROU,Romania,2023,60.03105,57.30881,62.753292,5.44,38,rising,1.3792172286872273,0.010653898471708528,2.883199999999995,stable
CYP,Cyprus,2023,60.02793,57.30569,62.75017,5.44,39,stable,1.6689677023837224,0.00243029190777199,2.1521999999999935,moderate
MEX,Mexico,2023,59.79963,57.07739,62.52187,5.44,40,stable,0.7332076611920851,0.0013657130174855748,-0.19239999999999213,stable
SVK,Slovakia,2023,59.73894,57.0167,62.46118,5.44,41,stable,1.3930065080857368,0.005882215464401031,2.4043999999999954,stable
HRV,Croatia,2023,59.138363,56.416122,61.860603,5.44,42,rising,1.1957058376090213,0.00987030220260136,2.3844000000000065,stable
MYS,Malaysia,2023,59.117,56.39476,61.83924,5.44,43,rising,1.337328810887867,0.010780620848966032,0.30940000000000367,stable
URY,Uruguay,2023,58.162704,55.440464,60.884945,5.44,44,stable,1.382333304914898,0.005967545499131623,0.5777999999999963,stable
HUN,Hungary,2023,57.547874,54.825634,60.270115,5.44,45,stable,1.6477690681272466,-0.002155591988275269,0.983399999999996,moderate
BGR,Bulgaria,2023,57.5066,54.78436,60.22884,5.44,46,stable,1.4075991276255795,0.005406554333532544,2.581800000000001,stable
MCO,Monaco,2023,57.299397,54.577156,60.021637,5.44,47,stable,9.932247695656752,0.02646033752503886,7.792799999999993,volatile
LVA,Latvia,2023,56.949677,54.227436,59.671917,5.44,48,rising,1.6290379568416369,0.008315056456382863,2.1821999999999875,moderate
BHS,Bahamas,2023,56.79737,54.07513,59.51961,5.44,49,stable,3.0336026444274027,-0.0002867878948405976,3.7050000000000125,volatile
MLT,Malta,2023,56.731945,54.009705,59.454185,5.44,50,stable,1.9897617745928302,0.004465325225934843,0.6990000000000052,moderate
BRN,Brunei Darussalam,2023,53.8775,51.15526,56.59974,5.44,51,rising,2.200505411126538,0.018325423676131505,5.2941999999999965,volatile
CRI,Costa Rica,2023,53.46101,50.73877,56.18325,5.44,52,stable,1.5086657902520828,0.005111808308513206,1.551000000000002,moderate
IDN,Indonesia,2023,52.931744,50.209503,55.653984,5.44,53,rising,1.6223385156381642,0.014401260508026176,3.715600000000002,moderate
ARE,United Arab Emirates,2023,52.898605,50.176365,55.620846,5.44,54,stable,3.0945723429454843,0.005330417919363527,0.7547999999999959,volatile
RUS,Russian Federation,2023,52.76004,50.0378,55.48228,5.44,55,stable,2.3859415535236295,0.0036827648593898508,1.9722000000000008,volatile
TTO,Trinidad and Tobago,2023,52.55499,49.83275,55.27723,5.44,56,stable,1.7409577382490466,-0.0022736072073651324,1.3436000000000092,moderate
COL,Colombia,2023,52.49475,49.77251,55.21699,5.44,57,rising,1.2115105851660077,0.010137977323901471,1.4356000000000009,stable
MAR,Morocco,2023,52.412243,49.690002,55.134483,5.44,58,stable,0.9808669733062952,0.007863384265755217,1.7053999999999974,stable
SRB,Serbia,2023,52.120472,49.39823,54.842712,5.44,59,rising,6.204750943442446,0.021153032565832123,0.11840000000000828,volatile
KWT,Kuwait,2023,52.004498,49.282257,54.726738,5.44,60,stable,1.990441925479793,-0.0029447520651393016,1.7973999999999961,moderate
TUN,Tunisia,2023,51.8803,49.15806,54.60254,5.44,61,rising,1.8000920465268564,0.008659949174645782,-0.5106000000000037,moderate
ARG,Argentina,2023,51.76499,49.04275,54.487232,5.44,62,stable,2.4362156912972783,0.0017931896458964534,2.948599999999999,volatile
PER,Peru,2023,51.30946,48.58722,54.0317,5.44,63,stable,1.3989208235361543,0.005446912788806108,0.726399999999991,stable
QAT,Qatar,2023,51.299107,48.576866,54.021347,5.44,64,rising,2.142816547652256,0.011578891005675898,-0.7935999999999979,volatile
THA,Thailand,2023,51.21324,48.491,53.935482,5.44,65,stable,2.309845300440971,-0.0008912523417544054,2.081400000000002,volatile
WSM,Samoa,2023,51.189064,48.466824,53.911304,5.44,66,stable,2.8104459099485446,0.0035018386663268467,3.827600000000004,volatile
MKD,North Macedonia,2023,50.98894,48.2667,53.71118,5.44,67,rising,2.1768970186559935,0.014608104927587228,0.3972000000000122,volatile
MUS,Mauritius,2023,50.9039,48.18166,53.62614,5.44,68,stable,1.3867784374862864,0.004628663094007576,1.7952000000000012,stable
JOR,Jordan,2023,50.70009,47.977848,53.42233,5.44,69,stable,1.0963428117294178,0.004063567228063141,0.6285999999999987,stable
SAU,Saudi Arabia,2023,50.579815,47.857574,53.302055,5.44,70,stable,2.2103853321153757,0.007970575341400242,2.7575999999999965,volatile
BRB,Barbados,2023,50.079765,47.357525,52.802006,5.44,71,stable,2.272772625048369,-0.0028232065204874643,-0.2533999999999992,volatile
GEO,Georgia,2023,50.025833,47.303593,52.748074,5.44,72,rising,2.1864560973410785,0.01442851293836372,-0.7746000000000137,volatile
BTN,Bhutan,2023,49.8909,47.16866,52.61314,5.44,73,rising,1.1769116527280903,0.01635923673665073,3.393400000000007,stable
OMN,Oman,2023,49.70937,46.98713,52.43161,5.44,74,stable,1.232626935975483,0.006134931932039504,2.340999999999994,stable
ZAF,South Africa,2023,49.59454,46.8723,52.31678,5.44,75,stable,1.0554681235721544,-0.0003443826095386528,-0.33799999999999386,stable
TUR,Türkiye,2023,49.56392,46.84168,52.28616,5.44,76,stable,2.2529534612216846,4.638024851872262e-05,-2.531400000000005,volatile
SMR,San Marino,2023,49.265495,46.543255,51.987736,5.44,77,stable,10.450370124215443,0.021630704660478728,-8.3564,volatile
TON,Tonga,2023,48.78789,46.06565,51.51013,5.44,78,rising,3.517189543986368,0.030161770064610426,7.330200000000005,volatile
LKA,Sri Lanka,2023,48.413567,45.691326,51.135807,5.44,79,stable,2.061762733555179,0.002237594703518982,1.730399999999996,volatile
PHL,Philippines,2023,48.406033,45.683792,51.128273,5.44,80,stable,2.661675459798271,0.008493681984592933,1.8603999999999914,volatile
VCT,Saint Vincent and the Grenadines,2023,48.194023,45.471783,50.916264,5.44,81,stable,2.4960991308719525,0.0017939965466320235,0.8907999999999987,volatile
UKR,Ukraine,2023,47.981323,45.259083,50.703564,5.44,82,stable,1.531630202717656,0.004718362555993951,1.4296000000000006,moderate
MNE,Montenegro,2023,47.85863,45.13639,50.58087,5.44,83,rising,5.119079624663325,0.022635170666918853,1.2622,volatile
PAN,Panama,2023,47.620934,44.898693,50.343174,5.44,84,stable,1.8672527430755264,0.0016443829831665061,0.06500000000000483,moderate
KAZ,Kazakhstan,2023,47.573204,44.850964,50.295444,5.44,85,rising,1.6914062318674339,0.01635844434191633,3.107999999999997,moderate
JAM,Jamaica,2023,47.347633,44.625393,50.069874,5.44,86,stable,1.9830079340312199,0.0033447154269256496,1.1143999999999963,moderate
ARM,Armenia,2023,47.2263,44.50406,49.94854,5.44,87,stable,1.7463030251010059,0.007601074210866359,2.5067999999999984,moderate
IRN,"Iran, Islamic Republic of",2023,47.21047,44.488228,49.93271,5.44,88,rising,2.0355435416690963,0.009681856255448455,0.9692000000000078,volatile
MDA,"Moldova, Republic of",2023,47.132877,44.410637,49.855118,5.44,89,stable,1.5697795274790385,0.0038413298693242815,0.9266000000000076,moderate
ECU,Ecuador,2023,47.132706,44.410465,49.854946,5.44,90,stable,2.0910376113087206,0.008463815165108076,3.9257999999999953,volatile
LCA,Saint Lucia,2023,47.067043,44.344803,49.789284,5.44,91,rising,6.872115343492604,0.029130130621672412,-0.2336000000000027,volatile
STP,Sao Tome and Principe,2023,46.869503,44.147263,49.591743,5.44,92,rising,1.9725014866166737,0.036617356916887105,6.650399999999998,moderate
MNG,Mongolia,2023,46.811245,44.089005,49.533485,5.44,93,stable,1.3668047890328294,0.004488492049253556,1.7065999999999946,stable
SYC,Seychelles,2023,46.550262,43.828022,49.272503,5.44,94,rising,1.8701636710521112,0.011000896277510852,4.335999999999984,moderate
ALB,Albania,2023,46.38706,43.664818,49.1093,5.44,95,rising,1.595844190543758,0.012369495463848326,1.2342000000000013,moderate
BHR,Bahrain,2023,46.184067,43.461826,48.906307,5.44,96,stable,1.5150012744244448,-0.00038803362684846233,1.8619999999999948,moderate
BWA,Botswana,2023,46.06994,43.3477,48.79218,5.44,97,stable,1.2642382454633723,-0.000513410429453291,0.11119999999999663,stable
VNM,Viet Nam,2023,46.055794,43.333553,48.778034,5.44,98,rising,2.173720837975542,0.01776284518763855,-0.16440000000000055,volatile
XKX,Kosovo,2023,46.02769,43.30545,48.74993,5.44,99,rising,4.019446608629964,0.01812386427503064,-0.10580000000000211,volatile
EGY,Egypt,2023,45.753784,43.031544,48.476025,5.44,100,stable,1.1373271718713662,0.004670440170414466,1.8517999999999972,stable
MDV,Maldives,2023,45.44268,42.72044,48.16492,5.44,101,rising,1.538140433121657,0.01033962312522746,3.9950000000000045,moderate
NAM,Namibia,2023,45.32443,42.60219,48.04667,5.44,102,stable,2.4732252444686305,0.004193127967825707,1.8385999999999996,volatile
CPV,Cabo Verde,2023,45.323345,42.601105,48.045586,5.44,103,rising,2.820217508229305,0.00988418345749023,0.5325999999999951,volatile
BIH,Bosnia and Herzegovina,2023,45.318077,42.595837,48.040318,5.44,104,rising,2.13163656846817,0.015496639087039781,1.3882000000000119,volatile
GHA,Ghana,2023,45.31728,42.59504,48.03952,5.44,105,stable,1.701530183298834,0.00823867501084942,0.6948000000000008,moderate
GUY,Guyana,2023,45.12721,42.40497,47.84945,5.44,106,stable,2.263178593197564,0.004084221079633261,3.3330000000000126,volatile
GRD,Grenada,2023,45.066936,42.344696,47.789177,5.44,107,stable,1.429671256652347,0.001602078816143264,0.9686000000000092,moderate
DMA,Dominica,2023,45.024822,42.30258,47.747063,5.44,108,stable,4.936864731062576,0.008016992878586903,-1.0628000000000029,volatile
FSM,"Micronesia, Federated States of",2023,44.618176,41.895935,47.340416,5.44,109,rising,3.8064321686460834,0.020424649307438144,7.3063999999999965,volatile
DZA,Algeria,2023,43.99647,41.27423,46.71871,5.44,110,stable,1.3123951644578369,0.0019350013575820482,1.7260000000000062,stable
BGD,Bangladesh,2023,43.512733,40.790493,46.234974,5.44,111,stable,1.1801200577776942,0.009693171769220797,2.3134000000000015,stable
LBN,Lebanon,2023,43.3281,40.605858,46.05034,5.44,112,stable,1.397391355215407,0.0077780160182912075,0.30219999999999203,stable
PRY,Paraguay,2023,42.891636,40.169395,45.613876,5.44,113,stable,1.4638128746215058,0.008830385237237398,0.6839999999999904,moderate
FJI,Fiji,2023,42.804657,40.082417,45.526897,5.44,114,rising,2.703742674095128,0.01362589287180543,2.3595999999999933,volatile
SEN,Senegal,2023,42.694214,39.971973,45.416454,5.44,115,stable,1.2309724385091794,0.005613727337754018,0.17660000000000053,stable
BLR,Belarus,2023,42.51434,39.7921,45.23658,5.44,116,stable,2.5826968554415557,0.004795411786939805,-0.34839999999999804,volatile
DOM,Dominican Republic,2023,42.49813,39.77589,45.22037,5.44,117,stable,1.1165136824818684,0.004988430411370904,2.0067999999999984,stable
BLZ,Belize,2023,42.408016,39.685776,45.130257,5.44,118,stable,2.357636373130448,-0.0003534310179881617,2.0611999999999924,volatile
AZE,Azerbaijan,2023,42.300312,39.57807,45.022552,5.44,119,rising,1.6250587817155364,0.010964367421742428,1.9600000000000009,moderate
VUT,Vanuatu,2023,42.285595,39.563354,45.007835,5.44,120,stable,2.019062482750582,0.009318165372199025,1.041400000000003,volatile
NPL,Nepal,2023,41.69751,38.97527,44.41975,5.44,121,rising,1.4835087983146298,0.012552532488823919,2.5877999999999943,moderate
KEN,Kenya,2023,41.59722,38.87498,44.31946,5.44,122,stable,1.7460894500304611,0.00632114793714678,2.7438000000000002,moderate
ATG,Antigua and Barbuda,2023,41.53,38.80776,44.25224,5.44,123,rising,4.883379136277603,0.024614303013994192,-2.4425999999999988,volatile
PLW,Palau,2023,41.143177,38.420937,43.865417,5.44,124,declining,3.8410351192353134,-0.015548538120119389,-3.425999999999995,volatile
CUB,Cuba,2023,40.991917,38.269676,43.714157,5.44,125,stable,1.470073787410265,0.008355511093289764,2.242199999999997,moderate
KIR,Kiribati,2023,40.961346,38.239105,43.683586,5.44,126,rising,2.063728105955933,0.019962599189233134,3.6336000000000013,volatile
PAK,Pakistan,2023,40.87617,38.15393,43.59841,5.44,127,stable,0.9678379417427877,0.009982290973840211,0.8312000000000026,stable
TLS,Timor-Leste,2023,40.724247,38.002007,43.446487,5.44,128,rising,1.701673661428663,0.0268680471179039,3.6944000000000017,moderate
IRQ,Iraq,2023,39.948746,37.226505,42.670986,5.44,129,rising,2.5039026840698932,0.018388392080151708,1.9032000000000053,volatile
UZB,Uzbekistan,2023,39.73963,37.01739,42.461872,5.44,130,stable,3.257952096696506,0.011746111590382895,7.254000000000005,volatile
SUR,Suriname,2023,39.380104,36.657864,42.102345,5.44,131,stable,1.0744923361433416,0.006385647924161844,2.452999999999996,stable
RWA,Rwanda,2023,39.00736,36.28512,41.7296,5.44,132,rising,2.239557168253774,0.03203485829977589,1.4476000000000013,volatile
SLB,Solomon Islands,2023,38.980354,36.258114,41.702595,5.44,133,rising,1.527419668569781,0.022145096754381415,2.209600000000009,moderate
ZMB,Zambia,2023,38.705357,35.983116,41.427597,5.44,134,stable,1.138692719758394,0.0029753994820575754,-1.0884,stable
SLV,El Salvador,2023,38.444576,35.722336,41.166817,5.44,135,stable,1.5641488396224632,-0.0024050932281007107,-2.7009999999999934,moderate
HND,Honduras,2023,37.78888,35.06664,40.51112,5.44,136,stable,1.543358043787337,0.0033523010068012963,0.5675999999999988,moderate
NRU,Nauru,2022,37.33355,34.61131,40.05579,5.44,137,stable,17.741876283606775,-0.04875639864265197,-19.99000000000001,volatile
GTM,Guatemala,2023,37.32674,34.6045,40.04898,5.44,138,stable,1.6076784139583713,0.005009102862381305,0.11160000000000281,moderate
ETH,Ethiopia,2023,36.91524,34.193,39.63748,5.44,139,stable,1.5214298711409635,0.006218454354800411,3.4207999999999927,moderate
LSO,Lesotho,2023,36.77109,34.04885,39.493332,5.44,140,stable,2.3720297964596315,0.005215600964032855,-0.4655999999999949,volatile
MHL,Marshall Islands,2023,36.609837,33.887596,39.332077,5.44,141,stable,2.9444687577627646,3.936603271581024e-05,-1.2235999999999976,volatile
AND,Andorra,2023,36.40246,33.680218,39.1247,5.44,142,stable,1.448170227110348,0.00477301521781969,0.41440000000000055,moderate
TZA,"Tanzania, United Republic of",2023,36.40108,33.67884,39.12332,5.44,143,stable,1.1854233127971998,0.0030628490123586647,0.6535999999999973,stable
BOL,"Bolivia, Plurinational State of",2023,36.172783,33.450542,38.895023,5.44,144,stable,1.9062466203188255,-0.00700874791960793,1.1531999999999982,moderate
MWI,Malawi,2023,35.31454,32.5923,38.03678,5.44,145,stable,1.2308719908947607,0.0025740137035373243,0.3621999999999943,stable
TGO,Togo,2023,34.99352,32.27128,37.71576,5.44,146,rising,1.9369866026461742,0.020972469415063765,0.22060000000000457,moderate
KNA,Saint Kitts and Nevis,2023,34.58686,31.86462,37.3091,5.44,147,rising,1.973753498654497,0.021035632409148113,-0.40339999999999776,moderate
UGA,Uganda,2023,34.501873,31.779633,37.224113,5.44,148,stable,1.118201318491854,0.0015467313400513722,1.6122000000000014,stable
KHM,Cambodia,2023,33.979984,31.257744,36.702225,5.44,149,stable,0.9921195194128594,0.0039205653168424125,1.0111999999999952,stable
KGZ,Kyrgyzstan,2023,33.933937,31.211697,36.656178,5.44,150,stable,1.8917656108188787,0.006201096868605674,-2.3842,moderate
NGA,Nigeria,2023,33.836033,31.113792,36.558273,5.44,151,stable,1.281113097703592,0.008010907596182849,0.32440000000000424,stable
LBR,Liberia,2023,33.35905,30.63681,36.08129,5.44,152,stable,3.045760462019912,0.010588450637362247,-2.3094000000000037,volatile
SWZ,Eswatini,2023,33.072285,30.350044,35.794525,5.44,153,stable,1.325838866854719,0.005350102628537874,-0.1758000000000024,stable
GMB,Gambia,2023,32.925533,30.203293,35.647774,5.44,154,stable,2.180553726627182,0.011409507573343709,3.380799999999997,volatile
BEN,Benin,2023,32.892387,30.170147,35.614628,5.44,155,stable,1.707748103916605,0.0048420839136468,-2.483399999999996,moderate
LBY,Libya,2023,32.866165,30.143925,35.588406,5.44,156,stable,1.404022917805504,0.012432929025197985,2.057800000000004,stable
MDG,Madagascar,2023,32.831352,30.109112,35.553593,5.44,157,stable,1.2752009746039177,-0.004871513963627187,-0.8850000000000122,stable
BFA,Burkina Faso,2023,31.892508,29.170267,34.614746,5.44,158,stable,1.3965738182809038,0.005293820820892502,-1.731199999999994,stable
CIV,Côte d'Ivoire,2023,31.564842,28.842602,34.287083,5.44,159,rising,3.9671287118480523,0.020213608885258028,-2.303599999999996,volatile
SYR,Syrian Arab Republic,2023,31.391258,28.669018,34.1135,5.44,160,stable,2.1854133114602585,-0.0006347923126298919,0.15840000000000032,volatile
TJK,Tajikistan,2023,31.171715,28.449474,33.893955,5.44,161,stable,1.8294014582581186,0.004927839542405578,0.16740000000000066,moderate
PNG,Papua New Guinea,2023,30.886318,28.164078,33.60856,5.44,162,stable,3.439539345712726,-0.003556070553503941,0.20300000000001006,volatile
DJI,Djibouti,2023,30.509995,27.787754,33.232235,5.44,163,stable,1.8288161646014862,0.006812991654591241,1.2639999999999958,moderate
CMR,Cameroon,2023,30.245747,27.523506,32.967987,5.44,164,stable,1.0437647575815316,0.009215406407201431,2.1720000000000006,stable
NIC,Nicaragua,2023,29.661945,26.939705,32.384186,5.44,165,stable,1.2910654727364879,-0.007663300392540129,-3.6794000000000047,stable
MMR,Myanmar,2023,29.634058,26.911818,32.356297,5.44,166,rising,2.941487438757688,0.02455051904862959,-0.17739999999999867,volatile
LAO,Lao People's Democratic Republic,2023,29.39915,26.67691,32.12139,5.44,167,rising,1.5838282484197144,0.021852749957401395,-0.2967999999999975,moderate
TUV,Tuvalu,2023,29.102287,26.380047,31.824528,5.44,168,rising,7.639731733057704,0.04938393883800164,7.787400000000002,volatile
SLE,Sierra Leone,2023,28.585855,25.863615,31.308096,5.44,169,rising,1.9751288580826374,0.026199546269157787,1.482999999999997,moderate
ZWE,Zimbabwe,2023,28.559101,25.83686,31.281342,5.44,170,stable,2.5507455720420866,0.007895302430052882,1.1459999999999972,volatile
GAB,Gabon,2023,28.402077,25.679836,31.124317,5.44,171,stable,0.820834339362651,-0.005391376006323866,-1.4795999999999978,stable
MOZ,Mozambique,2023,28.2792,25.55696,31.00144,5.44,172,stable,1.6689919026673659,-0.0006347057990787225,-2.2487999999999992,moderate
NER,Niger,2023,28.024588,25.302347,30.746828,5.44,173,stable,1.4476462826682148,0.008914285437321862,-0.3166000000000011,moderate
MLI,Mali,2023,27.2037,24.481459,29.92594,5.44,174,stable,1.8454278611664094,-0.006741440406972911,-2.734400000000001,moderate
MRT,Mauritania,2023,26.890127,24.167887,29.612368,5.44,175,stable,1.9100733317537641,0.004946983912614402,0.6030000000000015,moderate
GIN,Guinea,2023,26.815538,24.093298,29.537779,5.44,176,stable,2.153427800343516,0.009435284625436965,-0.799000000000003,volatile
COM,Comoros,2023,26.549837,23.827597,29.272078,5.44,177,stable,1.9976515510682282,0.006372390150577423,-2.6838000000000015,volatile
BDI,Burundi,2023,26.205677,23.483437,28.927917,5.44,178,stable,2.4348363733051674,0.0022387191286018632,-1.6830000000000034,volatile
SDN,Sudan,2023,25.945663,23.223423,28.667904,5.44,179,stable,1.6178903733043104,0.005888333639699646,0.4253999999999998,moderate
AGO,Angola,2023,25.85337,23.13113,28.575611,5.44,180,stable,0.7324395784793954,0.01812672937179903,1.2488000000000028,stable
SSD,South Sudan,2023,25.192215,22.469975,27.914455,5.44,181,rising,1.5218785917536752,0.039023930577834695,5.067399999999999,moderate
COG,Congo,2023,23.863344,21.141104,26.585585,5.44,182,stable,1.5437514058841313,7.64714446469767e-05,-0.7443999999999988,moderate
PRK,"Korea, Democratic People's Republic of",2023,23.65493,20.93269,26.37717,5.44,183,stable,1.8811377219937202,0.018640491967908124,1.2683999999999997,moderate
AFG,Afghanistan,2023,21.833347,19.111107,24.555588,5.44,184,stable,1.8296940289057504,-0.010325875217033306,-2.622600000000002,moderate
VEN,"Venezuela, Bolivarian Republic of",2023,21.753365,19.031124,24.475605,5.44,185,declining,2.015792036518723,-0.02880357435623559,-8.963600000000003,volatile
COD,"Congo, The Democratic Republic of the",2023,21.610792,18.888552,24.333033,5.44,186,stable,1.7771800354753882,0.011954945226137534,-1.2567999999999984,moderate
TKM,Turkmenistan,2023,21.145008,18.422768,23.867249,5.44,187,stable,2.040876969540299,0.006427732496970794,1.6594000000000015,volatile
GNB,Guinea-Bissau,2023,20.61509,17.892849,23.33733,5.44,188,stable,1.9490674804436774,0.01095342254152983,-0.9605999999999995,moderate
YEM,Yemen,2023,20.440794,17.718554,23.163034,5.44,189,stable,3.1720099702821267,-0.008860880132162647,-5.075000000000003,volatile
HTI,Haiti,2023,20.247421,17.52518,22.969662,5.44,190,stable,2.3908350709516304,0.013853614942791904,-3.177800000000005,volatile
ERI,Eritrea,2023,19.179464,16.457224,21.901705,5.44,191,stable,2.0962186179587574,1.9847424000826855e-05,1.1242000000000054,volatile
TCD,Chad,2023,17.741026,15.018785,20.463266,5.44,192,stable,2.0418885302506666,0.006701776531361038,-0.22859999999999658,volatile
GNQ,Equatorial Guinea,2023,15.685762,12.963522,18.408003,5.44,193,stable,1.821660132710735,0.005569364438603934,-1.0985999999999976,moderate
CAF,Central African Republic,2023,12.605653,9.883413,15.327892,5.44,194,stable,2.1899319865167484,-0.01608381009617334,-2.1031999999999993,volatile
SOM,Somalia,2023,11.129076,8.406836,13.851316,5.44,195,stable,3.5793031492575706,0.0005317895914280626,-2.631599999999999,volatile
