iso3,country,gci_rank_2023
FIN,Finland,1
SWE,Sweden,2
DEU,Germany,3
DNK,Denmark,4
FRA,France,5
GBR,United Kingdom,6
CAN,Canada,7
SVN,Slovenia,8
EST,Estonia,9
BEL,Belgium,10
AUT,Austria,11
CZE,Czech Republic,12
IRL,Ireland,13
ESP,Spain,14
PRT,Portugal,15
CHE,Switzerland,16
NOR,Norway,17
NLD,Netherlands,18
AUS,Australia,19
HUN,Hungary,20
LTU,Lithuania,21
BGR,Bulgaria,22
POL,Poland,23
NZL,New Zealand,24
LUX,Luxembourg,25
ISL,Iceland,26
MLT,Malta,27
SGP,Singapore,28
LIE,Liechtenstein,29
ITA,Italy,30
LVA,Latvia,31
SVK,Slovakia,32
ROU,Romania,33
JPN,Japan,34
CHL,Chile,35
GRC,Greece,36
MDA,Moldova,37
CYP,Cyprus,38
KOR,South Korea,39
HRV,Croatia,40
URY,Uruguay,41
BIH,Bosnia and Herzegovina,42
SRB,Serbia,43
MNE,Montenegro,44
MKD,North Macedonia,45
TUN,Tunisia,46
MYS,Malaysia,47
UKR,Ukraine,48
ALB,Albania,49
USA,United States,50
