iso3,country,nbi_rank_2023,nbi_score_2023
JPN,Japan,1,69.85
DEU,Germany,2,69.43
CAN,Canada,3,68.91
GBR,United Kingdom,4,68.80
ITA,Italy,5,68.69
USA,United States,6,68.43
CHE,Switzerland,7,68.24
FRA,France,8,67.95
AUS,Australia,9,67.80
SWE,Sweden,10,67.75
ESP,Spain,11,66.81
NOR,Norway,12,66.55
NLD,Netherlands,13,66.34
NZL,New Zealand,14,65.96
FIN,Finland,15,65.36
AUT,Austria,17,65.08
IRL,Ireland,18,64.66
BEL,Belgium,19,64.12
PRT,Portugal,20,64.08
GRC,Greece,21,63.59
ISL,Iceland,22,63.46
KOR,South Korea,24,62.17
SGP,Singapore,26,61.52
BRA,Brazil,27,60.64
POL,Poland,28,60.32
ARG,Argentina,29,59.74
CZE,Czech Republic,30,59.32
CHN,China,31,59.14
TWN,Taiwan,32,58.92
HUN,Hungary,33,58.75
MEX,Mexico,34,58.61
SVK,Slovakia,35,57.97
EGY,Egypt,36,57.91
TUR,Turkiye,37,57.85
IND,India,38,57.79
PER,Peru,39,57.15
MAR,Morocco,40,56.95
CHL,Chile,41,56.83
ZAF,South Africa,42,56.60
ROU,Romania,43,56.57
IDN,Indonesia,44,56.26
ARE,United Arab Emirates,45,56.24
ISR,Israel,46,55.91
VNM,Vietnam,47,55.65
PHL,Philippines,48,55.64
DOM,Dominican Republic,49,55.52
QAT,Qatar,50,55.24
ECU,Ecuador,51,55.21
PAN,Panama,52,55.11
COL,Colombia,53,54.81
SAU,Saudi Arabia,54,54.42
JOR,Jordan,55,54.33
KEN,Kenya,56,53.86
UKR,Ukraine,57,53.82
TZA,Tanzania,58,53.03
RUS,Russia,59,53.02
BWA,Botswana,60,52.30
